ft_feature,matched_baseline_feature,decoder_cosine_similarity_to_baseline,status
0,651,0.18194726,possibly_new
1,1365,0.12706831,possibly_new
2,2894,0.13501175,possibly_new
3,410,0.118092,possibly_new
4,3848,0.1453462,possibly_new
5,2469,0.1282383,possibly_new
6,352,0.12583372,possibly_new
7,732,0.13209066,possibly_new
8,723,0.116639115,possibly_new
9,301,0.16823226,possibly_new
10,2366,0.13693036,possibly_new
11,3841,0.1421459,possibly_new
12,3440,0.14815101,possibly_new
13,780,0.13160434,possibly_new
14,858,0.12971726,possibly_new
15,2917,0.13746026,possibly_new
16,1036,0.14011538,possibly_new
17,1279,0.1444313,possibly_new
18,2277,0.122139454,possibly_new
19,3686,0.13664845,possibly_new
20,2161,0.119810164,possibly_new
21,501,0.12989575,possibly_new
22,2992,0.20024231,possibly_new
23,387,0.43395275,possibly_new
24,546,0.12760338,possibly_new
25,2832,0.14138857,possibly_new
26,3058,0.12469995,possibly_new
27,2602,0.13463897,possibly_new
28,3103,0.12922479,possibly_new
29,1852,0.1252187,possibly_new
30,1455,0.12920806,possibly_new
31,2381,0.116984926,possibly_new
32,1658,0.12064391,possibly_new
33,199,0.13026242,possibly_new
34,1924,0.13422547,possibly_new
35,2960,0.114305,possibly_new
36,3683,0.11862017,possibly_new
37,832,0.12460218,possibly_new
38,1503,0.11502228,possibly_new
39,1234,0.1282768,possibly_new
40,1142,0.12561831,possibly_new
41,2007,0.12504496,possibly_new
42,4014,0.137267,possibly_new
43,68,0.12104391,possibly_new
44,1216,0.12728195,possibly_new
45,3135,0.13161646,possibly_new
46,810,0.112357855,possibly_new
47,1727,0.14454292,possibly_new
48,896,0.12419693,possibly_new
49,3371,0.12508503,possibly_new
50,4086,0.13259646,possibly_new
51,3208,0.13059187,possibly_new
52,2517,0.14299765,possibly_new
53,3782,0.123330064,possibly_new
54,2515,0.13577765,possibly_new
55,2260,0.14648707,possibly_new
56,3798,0.12708595,possibly_new
57,799,0.18472785,possibly_new
58,2904,0.13876876,possibly_new
59,3853,0.1221436,possibly_new
60,942,0.13511202,possibly_new
61,1439,0.13620186,possibly_new
62,1453,0.14802727,possibly_new
63,2688,0.12330903,possibly_new
64,1878,0.12194014,possibly_new
65,1226,0.14465576,possibly_new
66,2545,0.13685599,possibly_new
67,3184,0.13565046,possibly_new
68,3491,0.122488715,possibly_new
69,344,0.19038439,possibly_new
70,58,0.17386222,possibly_new
71,3660,0.12188571,possibly_new
72,1476,0.13329688,possibly_new
73,3584,0.13887459,possibly_new
74,2572,0.1474399,possibly_new
75,3862,0.12224591,possibly_new
76,3140,0.15061086,possibly_new
77,1358,0.12480712,possibly_new
78,4070,0.14754328,possibly_new
79,926,0.13482055,possibly_new
80,3217,0.11260903,possibly_new
81,3548,0.14794901,possibly_new
82,39,0.14246467,possibly_new
83,2766,0.12748398,possibly_new
84,3122,0.17128015,possibly_new
85,1769,0.12502909,possibly_new
86,2326,0.161051,possibly_new
87,1854,0.124043494,possibly_new
88,1961,0.13583755,possibly_new
89,3234,0.11626029,possibly_new
90,3615,0.19733936,possibly_new
91,2116,0.12861028,possibly_new
92,3889,0.27737904,possibly_new
93,846,0.14066598,possibly_new
94,3579,0.16328396,possibly_new
95,1453,0.1351142,possibly_new
96,1619,0.13500439,possibly_new
97,55,0.15271966,possibly_new
98,2398,0.124086894,possibly_new
99,3634,0.13688958,possibly_new
100,3856,0.13410409,possibly_new
101,3768,0.12637714,possibly_new
102,2039,0.137523,possibly_new
103,1255,0.15779077,possibly_new
104,756,0.11953566,possibly_new
105,2018,0.1168658,possibly_new
106,277,0.13201693,possibly_new
107,1383,0.11563987,possibly_new
108,1506,0.18318957,possibly_new
109,1515,0.14339465,possibly_new
110,1385,0.12352654,possibly_new
111,2973,0.15403333,possibly_new
112,1912,0.14408694,possibly_new
113,242,0.13313608,possibly_new
114,3432,0.136405,possibly_new
115,1352,0.14331272,possibly_new
116,2735,0.121921435,possibly_new
117,111,0.13407734,possibly_new
118,3943,0.14972015,possibly_new
119,494,0.12005976,possibly_new
120,2942,0.16506675,possibly_new
121,2109,0.24715953,possibly_new
122,2002,0.11823079,possibly_new
123,3448,0.13446152,possibly_new
124,293,0.45081222,possibly_new
125,796,0.12909994,possibly_new
126,1979,0.19092616,possibly_new
127,2347,0.16719186,possibly_new
128,3546,0.16653472,possibly_new
129,3198,0.13956559,possibly_new
130,652,0.12859513,possibly_new
131,3520,0.12966351,possibly_new
132,2742,0.12612793,possibly_new
133,1644,0.123794466,possibly_new
134,3680,0.16502164,possibly_new
135,2408,0.30014527,possibly_new
136,3032,0.12876502,possibly_new
137,1936,0.1339045,possibly_new
138,559,0.12692223,possibly_new
139,2946,0.12643103,possibly_new
140,237,0.1318661,possibly_new
141,1768,0.14677249,possibly_new
142,1773,0.12985888,possibly_new
143,384,0.1454049,possibly_new
144,1957,0.13365145,possibly_new
145,3646,0.14178106,possibly_new
146,2369,0.117001176,possibly_new
147,3638,0.11879121,possibly_new
148,4051,0.12814888,possibly_new
149,2157,0.13515383,possibly_new
150,1210,0.11991586,possibly_new
151,780,0.13105378,possibly_new
152,648,0.2350679,possibly_new
153,1576,0.3589973,possibly_new
154,1057,0.1425829,possibly_new
155,1054,0.12617186,possibly_new
156,587,0.14685689,possibly_new
157,915,0.13057135,possibly_new
158,3952,0.13811861,possibly_new
159,3254,0.11981061,possibly_new
160,1100,0.12879433,possibly_new
161,3826,0.13064593,possibly_new
162,27,0.13935101,possibly_new
163,305,0.13151763,possibly_new
164,124,0.11707069,possibly_new
165,3889,0.2420373,possibly_new
166,2333,0.12880704,possibly_new
167,2561,0.13594417,possibly_new
168,1506,0.14499147,possibly_new
169,2617,0.28388512,possibly_new
170,2347,0.1668889,possibly_new
171,2932,0.12207637,possibly_new
172,3694,0.118810624,possibly_new
173,75,0.13569558,possibly_new
174,3975,0.14062214,possibly_new
175,1126,0.13857353,possibly_new
176,3889,0.24035533,possibly_new
177,1953,0.112170905,possibly_new
178,513,0.10973498,possibly_new
179,307,0.13111915,possibly_new
180,3062,0.12577192,possibly_new
181,2493,0.1356172,possibly_new
182,2511,0.13775787,possibly_new
183,1326,0.12431337,possibly_new
184,1604,0.12743665,possibly_new
185,2294,0.13038063,possibly_new
186,1570,0.13162068,possibly_new
187,864,0.14500141,possibly_new
188,1370,0.23550507,possibly_new
189,1296,0.14259994,possibly_new
190,2150,0.45121092,possibly_new
191,1499,0.123875,possibly_new
192,687,0.22443926,possibly_new
193,679,0.119898595,possibly_new
194,2308,0.12685102,possibly_new
195,1440,0.13946235,possibly_new
196,4039,0.1163146,possibly_new
197,1103,0.11492048,possibly_new
198,3900,0.116813116,possibly_new
199,263,0.13264604,possibly_new
200,1169,0.14309521,possibly_new
201,2836,0.132793,possibly_new
202,2667,0.13895935,possibly_new
203,867,0.13506834,possibly_new
204,1527,0.12412907,possibly_new
205,2994,0.14029038,possibly_new
206,3266,0.14750741,possibly_new
207,1616,0.14190447,possibly_new
208,2769,0.14427389,possibly_new
209,867,0.13700779,possibly_new
210,1798,0.11589061,possibly_new
211,391,0.12327562,possibly_new
212,370,0.12627053,possibly_new
213,3711,0.120220646,possibly_new
214,2957,0.15419304,possibly_new
215,1635,0.13028444,possibly_new
216,3187,0.11028653,possibly_new
217,1586,0.12947026,possibly_new
218,1527,0.12764274,possibly_new
219,370,0.24146162,possibly_new
220,1557,0.14636159,possibly_new
221,1244,0.1292089,possibly_new
222,1678,0.12997854,possibly_new
223,3140,0.13919374,possibly_new
224,2398,0.20208067,possibly_new
225,583,0.13492103,possibly_new
226,1891,0.1253344,possibly_new
227,1025,0.1507415,possibly_new
228,3826,0.11672121,possibly_new
229,3889,0.14720844,possibly_new
230,1886,0.12762117,possibly_new
231,1494,0.121433794,possibly_new
232,2673,0.13522637,possibly_new
233,1720,0.13103315,possibly_new
234,1541,0.13968316,possibly_new
235,1269,0.12576635,possibly_new
236,139,0.13794911,possibly_new
237,304,0.12760286,possibly_new
238,1194,0.12342761,possibly_new
239,1785,0.12660204,possibly_new
240,430,0.13636307,possibly_new
241,3108,0.1448833,possibly_new
242,1576,0.13843232,possibly_new
243,972,0.12099171,possibly_new
244,786,0.12922317,possibly_new
245,2015,0.14086708,possibly_new
246,406,0.1422357,possibly_new
247,1934,0.20687905,possibly_new
248,1729,0.15758863,possibly_new
249,921,0.17040221,possibly_new
250,1380,0.12840356,possibly_new
251,195,0.13066868,possibly_new
252,2410,0.13678366,possibly_new
253,81,0.13516119,possibly_new
254,3412,0.1588184,possibly_new
255,921,0.12618816,possibly_new
256,1095,0.1285533,possibly_new
257,1834,0.13618845,possibly_new
258,3949,0.13266328,possibly_new
259,651,0.1301263,possibly_new
260,3454,0.13155545,possibly_new
261,3489,0.13377854,possibly_new
262,1520,0.12451328,possibly_new
263,2598,0.118994445,possibly_new
264,1988,0.13248849,possibly_new
265,711,0.13290808,possibly_new
266,3782,0.1273452,possibly_new
267,57,0.14014846,possibly_new
268,498,0.13620506,possibly_new
269,2317,0.14477372,possibly_new
270,1162,0.124179885,possibly_new
271,2850,0.14417562,possibly_new
272,2468,0.16261615,possibly_new
273,395,0.13608617,possibly_new
274,3793,0.1286523,possibly_new
275,3836,0.12881234,possibly_new
276,201,0.58712965,shifted_from_baseline
277,1116,0.13802712,possibly_new
278,1518,0.11899005,possibly_new
279,2634,0.13529126,possibly_new
280,1393,0.13431332,possibly_new
281,192,0.1411084,possibly_new
282,2499,0.13255355,possibly_new
283,3306,0.13418716,possibly_new
284,2993,0.21352822,possibly_new
285,2739,0.13768971,possibly_new
286,3075,0.12872483,possibly_new
287,3701,0.1235027,possibly_new
288,151,0.1453858,possibly_new
289,355,0.12208199,possibly_new
290,2243,0.13080882,possibly_new
291,2822,0.13169692,possibly_new
292,29,0.117036894,possibly_new
293,2544,0.12687768,possibly_new
294,3810,0.13514987,possibly_new
295,4068,0.11904846,possibly_new
296,735,0.13347976,possibly_new
297,767,0.14753732,possibly_new
298,1604,0.16356134,possibly_new
299,2674,0.12241278,possibly_new
300,3489,0.13198152,possibly_new
301,1434,0.13949414,possibly_new
302,2608,0.13635203,possibly_new
303,234,0.10934931,possibly_new
304,907,0.54365265,shifted_from_baseline
305,2829,0.121395394,possibly_new
306,1281,0.14880952,possibly_new
307,3230,0.13865907,possibly_new
308,1409,0.14360604,possibly_new
309,1160,0.13769245,possibly_new
310,1947,0.121485636,possibly_new
311,901,0.1643123,possibly_new
312,1966,0.15370077,possibly_new
313,104,0.117663205,possibly_new
314,1265,0.15453832,possibly_new
315,3056,0.14682345,possibly_new
316,3554,0.12897506,possibly_new
317,464,0.14780422,possibly_new
318,1673,0.14470735,possibly_new
319,1463,0.12978461,possibly_new
320,3889,0.32488114,possibly_new
321,222,0.116770156,possibly_new
322,3737,0.15025827,possibly_new
323,2081,0.12523907,possibly_new
324,2811,0.13676482,possibly_new
325,3213,0.14199954,possibly_new
326,598,0.13224429,possibly_new
327,404,0.13549301,possibly_new
328,301,0.24684006,possibly_new
329,2459,0.121318966,possibly_new
330,324,0.11846417,possibly_new
331,1486,0.1254141,possibly_new
332,2140,0.1369233,possibly_new
333,917,0.13348202,possibly_new
334,433,0.13084006,possibly_new
335,2891,0.13937607,possibly_new
336,1014,0.11866874,possibly_new
337,883,0.15899034,possibly_new
338,2947,0.15220408,possibly_new
339,533,0.13657334,possibly_new
340,3297,0.121231936,possibly_new
341,2408,0.29031384,possibly_new
342,1576,0.27312988,possibly_new
343,2771,0.13419521,possibly_new
344,3702,0.15525274,possibly_new
345,746,0.13593504,possibly_new
346,1934,0.18143909,possibly_new
347,343,0.118008286,possibly_new
348,1582,0.13578483,possibly_new
349,2545,0.24144885,possibly_new
350,364,0.12147313,possibly_new
351,2429,0.12702563,possibly_new
352,38,0.1309622,possibly_new
353,727,0.12606017,possibly_new
354,1531,0.122133926,possibly_new
355,2216,0.1501286,possibly_new
356,1628,0.13036108,possibly_new
357,2912,0.13290057,possibly_new
358,371,0.14947927,possibly_new
359,264,0.12757294,possibly_new
360,4088,0.21838786,possibly_new
361,2800,0.13574812,possibly_new
362,2689,0.13115954,possibly_new
363,2408,0.12225661,possibly_new
364,2705,0.13223748,possibly_new
365,3869,0.14525464,possibly_new
366,582,0.12175006,possibly_new
367,3039,0.13103157,possibly_new
368,3356,0.13588317,possibly_new
369,2693,0.119279444,possibly_new
370,224,0.12621358,possibly_new
371,2906,0.13187024,possibly_new
372,839,0.13789946,possibly_new
373,3889,0.15821633,possibly_new
374,3889,0.16623643,possibly_new
375,1616,0.1403175,possibly_new
376,2339,0.15453188,possibly_new
377,1082,0.19588253,possibly_new
378,2171,0.1194396,possibly_new
379,1617,0.16165918,possibly_new
380,2984,0.11950665,possibly_new
381,3889,0.27358156,possibly_new
382,4026,0.13513547,possibly_new
383,1840,0.11594117,possibly_new
384,2534,0.1413694,possibly_new
385,137,0.15085073,possibly_new
386,1449,0.14194888,possibly_new
387,282,0.13508138,possibly_new
388,3780,0.13350359,possibly_new
389,615,0.12471571,possibly_new
390,3169,0.118445836,possibly_new
391,716,0.12859201,possibly_new
392,830,0.1665804,possibly_new
393,2184,0.13589168,possibly_new
394,3399,0.13421007,possibly_new
395,3190,0.12756771,possibly_new
396,765,0.15219426,possibly_new
397,716,0.24701083,possibly_new
398,3281,0.14296353,possibly_new
399,974,0.117322534,possibly_new
400,3209,0.14914754,possibly_new
401,1966,0.12883985,possibly_new
402,1933,0.14282121,possibly_new
403,3386,0.12268891,possibly_new
404,3041,0.13525131,possibly_new
405,3093,0.1215512,possibly_new
406,1591,0.13330975,possibly_new
407,1767,0.12907821,possibly_new
408,2693,0.14618962,possibly_new
409,2130,0.12142517,possibly_new
410,3065,0.1262868,possibly_new
411,3223,0.13947499,possibly_new
412,1041,0.13636313,possibly_new
413,2408,0.17969877,possibly_new
414,2892,0.12863082,possibly_new
415,1729,0.14366746,possibly_new
416,1242,0.1292495,possibly_new
417,2251,0.128592,possibly_new
418,687,0.13762362,possibly_new
419,3937,0.12697142,possibly_new
420,3110,0.12915923,possibly_new
421,3168,0.15124962,possibly_new
422,3993,0.12801328,possibly_new
423,1014,0.12650265,possibly_new
424,1438,0.15504667,possibly_new
425,1976,0.11821894,possibly_new
426,2818,0.13145927,possibly_new
427,1009,0.15297425,possibly_new
428,2809,0.12928161,possibly_new
429,783,0.118159205,possibly_new
430,2695,0.21289262,possibly_new
431,1873,0.1328099,possibly_new
432,1204,0.1325189,possibly_new
433,1635,0.12093862,possibly_new
434,2833,0.12574121,possibly_new
435,1652,0.13151786,possibly_new
436,3959,0.2802478,possibly_new
437,2742,0.12686014,possibly_new
438,2908,0.38112995,possibly_new
439,339,0.12519687,possibly_new
440,3815,0.12237171,possibly_new
441,1345,0.12938733,possibly_new
442,3718,0.13297999,possibly_new
443,370,0.21238536,possibly_new
444,1100,0.11225605,possibly_new
445,2673,0.13044208,possibly_new
446,1502,0.12439421,possibly_new
447,936,0.29714522,possibly_new
448,3721,0.13071087,possibly_new
449,435,0.12268657,possibly_new
450,1569,0.14135219,possibly_new
451,2880,0.23718984,possibly_new
452,2388,0.11564334,possibly_new
453,293,0.32616368,possibly_new
454,4078,0.14158261,possibly_new
455,1076,0.1388368,possibly_new
456,1941,0.13348508,possibly_new
457,1408,0.119857006,possibly_new
458,2479,0.16406164,possibly_new
459,2417,0.14684355,possibly_new
460,2632,0.12422934,possibly_new
461,3987,0.15504918,possibly_new
462,2619,0.15993153,possibly_new
463,1055,0.14365506,possibly_new
464,3129,0.14266193,possibly_new
465,542,0.118524596,possibly_new
466,929,0.152554,possibly_new
467,1901,0.20080112,possibly_new
468,193,0.13176967,possibly_new
469,3251,0.12511535,possibly_new
470,669,0.11778079,possibly_new
471,3676,0.18281999,possibly_new
472,2576,0.13509497,possibly_new
473,202,0.13458347,possibly_new
474,3358,0.14277518,possibly_new
475,592,0.13208652,possibly_new
476,3607,0.12054344,possibly_new
477,3667,0.13373688,possibly_new
478,1850,0.13353187,possibly_new
479,3382,0.16769451,possibly_new
480,2360,0.12822261,possibly_new
481,1660,0.1486539,possibly_new
482,1460,0.1254305,possibly_new
483,2102,0.13418612,possibly_new
484,137,0.7346886,shifted_from_baseline
485,2213,0.11568958,possibly_new
486,2957,0.13831325,possibly_new
487,3253,0.10690804,possibly_new
488,1464,0.11807478,possibly_new
489,1565,0.1281418,possibly_new
490,2483,0.1295397,possibly_new
491,3366,0.13050756,possibly_new
492,887,0.3029341,possibly_new
493,679,0.11762654,possibly_new
494,1226,0.12457978,possibly_new
495,869,0.13515987,possibly_new
496,1810,0.135341,possibly_new
497,2880,0.19283643,possibly_new
498,3097,0.1806461,possibly_new
499,282,0.13873649,possibly_new
500,3383,0.13565245,possibly_new
501,1130,0.157502,possibly_new
502,2834,0.13106067,possibly_new
503,3757,0.12534596,possibly_new
504,1971,0.13303164,possibly_new
505,3262,0.13701463,possibly_new
506,1070,0.13004005,possibly_new
507,818,0.1314879,possibly_new
508,330,0.23835117,possibly_new
509,3098,0.14557202,possibly_new
510,1404,0.12978998,possibly_new
511,2276,0.12073907,possibly_new
512,3299,0.12102182,possibly_new
513,2571,0.12417792,possibly_new
514,787,0.1331638,possibly_new
515,652,0.12423113,possibly_new
516,2359,0.110978484,possibly_new
517,709,0.12734608,possibly_new
518,215,0.12902775,possibly_new
519,1472,0.14349405,possibly_new
520,894,0.119200274,possibly_new
521,921,0.12113155,possibly_new
522,2109,0.12551674,possibly_new
523,2134,0.12510498,possibly_new
524,1744,0.12706809,possibly_new
525,4009,0.12897314,possibly_new
526,2023,0.12587912,possibly_new
527,1712,0.13313803,possibly_new
528,3603,0.13752382,possibly_new
529,804,0.43033528,possibly_new
530,3867,0.14141837,possibly_new
531,884,0.14572404,possibly_new
532,2210,0.12711899,possibly_new
533,3243,0.11750528,possibly_new
534,3472,0.2801245,possibly_new
535,887,0.5124693,shifted_from_baseline
536,1313,0.12530576,possibly_new
537,1904,0.12714916,possibly_new
538,3990,0.11993422,possibly_new
539,472,0.1296258,possibly_new
540,1684,0.13072062,possibly_new
541,3614,0.14546797,possibly_new
542,2472,0.12382823,possibly_new
543,1934,0.1403659,possibly_new
544,804,0.12643051,possibly_new
545,1586,0.13642901,possibly_new
546,1234,0.1374211,possibly_new
547,3648,0.14452061,possibly_new
548,370,0.43125403,possibly_new
549,1804,0.13291892,possibly_new
550,308,0.12847546,possibly_new
551,2605,0.14550927,possibly_new
552,2504,0.13799798,possibly_new
553,370,0.17739506,possibly_new
554,3729,0.17594177,possibly_new
555,1600,0.13366792,possibly_new
556,917,0.11848721,possibly_new
557,3256,0.14233989,possibly_new
558,461,0.15945636,possibly_new
559,30,0.12320413,possibly_new
560,2238,0.12384787,possibly_new
561,52,0.12032664,possibly_new
562,3784,0.25676057,possibly_new
563,2993,0.21843146,possibly_new
564,2945,0.11865813,possibly_new
565,3492,0.14714782,possibly_new
566,136,0.16263258,possibly_new
567,2100,0.13004085,possibly_new
568,3934,0.117385805,possibly_new
569,3022,0.12889111,possibly_new
570,2569,0.13332349,possibly_new
571,931,0.2945454,possibly_new
572,2054,0.1555888,possibly_new
573,109,0.12674174,possibly_new
574,2470,0.14421973,possibly_new
575,1715,0.11801618,possibly_new
576,1522,0.11573863,possibly_new
577,1852,0.13084483,possibly_new
578,1441,0.12326652,possibly_new
579,2015,0.13766891,possibly_new
580,2347,0.12809548,possibly_new
581,3553,0.13225265,possibly_new
582,1325,0.13114524,possibly_new
583,1347,0.14419243,possibly_new
584,2016,0.13826418,possibly_new
585,3421,0.123724684,possibly_new
586,2648,0.12423747,possibly_new
587,389,0.12818287,possibly_new
588,1930,0.12724452,possibly_new
589,1980,0.12763637,possibly_new
590,1436,0.16123419,possibly_new
591,1011,0.13152105,possibly_new
592,2475,0.16276892,possibly_new
593,1150,0.12639578,possibly_new
594,993,0.12595212,possibly_new
595,1726,0.123513415,possibly_new
596,2722,0.14096642,possibly_new
597,2372,0.1316783,possibly_new
598,3762,0.13478446,possibly_new
599,239,0.13101871,possibly_new
600,693,0.13198079,possibly_new
601,937,0.14200845,possibly_new
602,1362,0.1649035,possibly_new
603,3298,0.14391893,possibly_new
604,2617,0.16996683,possibly_new
605,440,0.1553706,possibly_new
606,653,0.16217415,possibly_new
607,947,0.13278511,possibly_new
608,2296,0.12604658,possibly_new
609,3513,0.12812471,possibly_new
610,4010,0.116955265,possibly_new
611,1082,0.13576019,possibly_new
612,3729,0.124579735,possibly_new
613,598,0.13397828,possibly_new
614,2738,0.1503277,possibly_new
615,1193,0.13224658,possibly_new
616,187,0.12530239,possibly_new
617,1873,0.12760621,possibly_new
618,137,0.35613838,possibly_new
619,2981,0.1141699,possibly_new
620,170,0.14752063,possibly_new
621,429,0.145855,possibly_new
622,1189,0.11868471,possibly_new
623,2168,0.24847326,possibly_new
624,1362,0.11732909,possibly_new
625,2414,0.21750948,possibly_new
626,1643,0.12739523,possibly_new
627,2112,0.11908549,possibly_new
628,369,0.14849672,possibly_new
629,2466,0.12791148,possibly_new
630,1800,0.14374767,possibly_new
631,2408,0.25717396,possibly_new
632,3436,0.1491377,possibly_new
633,2016,0.115343116,possibly_new
634,2123,0.13403594,possibly_new
635,2957,0.12661129,possibly_new
636,1875,0.21847734,possibly_new
637,942,0.23690286,possibly_new
638,3885,0.12095621,possibly_new
639,1819,0.14193955,possibly_new
640,3912,0.12279919,possibly_new
641,1025,0.13936749,possibly_new
642,1934,0.25062102,possibly_new
643,1241,0.13306963,possibly_new
644,873,0.13773203,possibly_new
645,626,0.12741733,possibly_new
646,2647,0.14476275,possibly_new
647,1826,0.13213003,possibly_new
648,3716,0.1406792,possibly_new
649,1168,0.12599978,possibly_new
650,3821,0.13617578,possibly_new
651,2978,0.12536472,possibly_new
652,2278,0.14233172,possibly_new
653,3626,0.1280258,possibly_new
654,1675,0.13061292,possibly_new
655,756,0.14877668,possibly_new
656,4039,0.13655058,possibly_new
657,1040,0.12238096,possibly_new
658,3813,0.14024289,possibly_new
659,2199,0.13393736,possibly_new
660,3351,0.11679727,possibly_new
661,466,0.2560838,possibly_new
662,2154,0.1268406,possibly_new
663,3761,0.120513774,possibly_new
664,2266,0.118368715,possibly_new
665,2103,0.13423494,possibly_new
666,3835,0.1300788,possibly_new
667,452,0.13842729,possibly_new
668,212,0.14322022,possibly_new
669,2705,0.14233814,possibly_new
670,1492,0.12500466,possibly_new
671,3869,0.16458263,possibly_new
672,850,0.14742967,possibly_new
673,967,0.13296376,possibly_new
674,3423,0.121962085,possibly_new
675,250,0.14674163,possibly_new
676,1875,0.19348921,possibly_new
677,2447,0.12092726,possibly_new
678,3077,0.12392594,possibly_new
679,3598,0.13086203,possibly_new
680,1629,0.15493841,possibly_new
681,1576,0.14752771,possibly_new
682,516,0.14180538,possibly_new
683,3889,0.1847347,possibly_new
684,64,0.1380821,possibly_new
685,3180,0.14472975,possibly_new
686,4067,0.12843204,possibly_new
687,2784,0.13323152,possibly_new
688,3949,0.13675636,possibly_new
689,3400,0.1313227,possibly_new
690,1694,0.123927206,possibly_new
691,1227,0.12483147,possibly_new
692,137,0.15013847,possibly_new
693,3889,0.13730688,possibly_new
694,1169,0.119871095,possibly_new
695,524,0.10968782,possibly_new
696,1549,0.112504065,possibly_new
697,688,0.12593277,possibly_new
698,2123,0.11706553,possibly_new
699,3355,0.13288893,possibly_new
700,3647,0.14662999,possibly_new
701,1430,0.12204572,possibly_new
702,3560,0.11282214,possibly_new
703,3837,0.15210558,possibly_new
704,3772,0.12494024,possibly_new
705,1520,0.12412703,possibly_new
706,3128,0.12484427,possibly_new
707,2070,0.15073569,possibly_new
708,887,0.2178892,possibly_new
709,2297,0.14223476,possibly_new
710,1765,0.13406754,possibly_new
711,2806,0.1438534,possibly_new
712,2933,0.13505965,possibly_new
713,1973,0.12489461,possibly_new
714,4045,0.13204637,possibly_new
715,2652,0.1494847,possibly_new
716,1436,0.2309381,possibly_new
717,651,0.108544424,possibly_new
718,1674,0.13178164,possibly_new
719,1885,0.17536896,possibly_new
720,3548,0.12599882,possibly_new
721,437,0.15210567,possibly_new
722,370,0.21313839,possibly_new
723,1987,0.13048488,possibly_new
724,2347,0.1453754,possibly_new
725,2528,0.11364831,possibly_new
726,2569,0.12607484,possibly_new
727,189,0.13440977,possibly_new
728,1506,0.1437931,possibly_new
729,870,0.13260007,possibly_new
730,220,0.32933378,possibly_new
731,1575,0.13774952,possibly_new
732,2714,0.1438197,possibly_new
733,657,0.12566069,possibly_new
734,3201,0.13844007,possibly_new
735,3138,0.12045743,possibly_new
736,259,0.1311427,possibly_new
737,207,0.1415662,possibly_new
738,2236,0.14962476,possibly_new
739,3307,0.33983764,possibly_new
740,2735,0.13022925,possibly_new
741,1527,0.3039041,possibly_new
742,1945,0.119225904,possibly_new
743,3484,0.2177821,possibly_new
744,1420,0.12827043,possibly_new
745,2604,0.15294573,possibly_new
746,2408,0.17265488,possibly_new
747,2513,0.11793113,possibly_new
748,2853,0.13270482,possibly_new
749,3179,0.14683259,possibly_new
750,1503,0.13034764,possibly_new
751,3677,0.15265377,possibly_new
752,3143,0.14312692,possibly_new
753,1934,0.5226801,shifted_from_baseline
754,1576,0.14582509,possibly_new
755,2330,0.11903834,possibly_new
756,1223,0.14065282,possibly_new
757,2939,0.129893,possibly_new
758,3500,0.13959342,possibly_new
759,3905,0.12413056,possibly_new
760,911,0.11988655,possibly_new
761,2023,0.14472817,possibly_new
762,1782,0.13831283,possibly_new
763,1890,0.1705752,possibly_new
764,1975,0.17601013,possibly_new
765,370,0.15279105,possibly_new
766,2027,0.11926505,possibly_new
767,3889,0.21396938,possibly_new
768,767,0.13322271,possibly_new
769,688,0.14798385,possibly_new
770,981,0.15833595,possibly_new
771,3886,0.122259885,possibly_new
772,3862,0.13344167,possibly_new
773,3434,0.12705202,possibly_new
774,2804,0.12440083,possibly_new
775,596,0.13482168,possibly_new
776,380,0.15323862,possibly_new
777,1429,0.14127189,possibly_new
778,2204,0.13883817,possibly_new
779,3510,0.13341728,possibly_new
780,1816,0.13990608,possibly_new
781,758,0.15697837,possibly_new
782,3735,0.3501655,possibly_new
783,3913,0.14665255,possibly_new
784,3309,0.17064983,possibly_new
785,1797,0.121240705,possibly_new
786,1573,0.11613794,possibly_new
787,549,0.1346337,possibly_new
788,1358,0.13188118,possibly_new
789,1087,0.13063495,possibly_new
790,3599,0.12187721,possibly_new
791,441,0.11770037,possibly_new
792,3722,0.12099383,possibly_new
793,3600,0.15368347,possibly_new
794,3170,0.12525024,possibly_new
795,137,0.21376827,possibly_new
796,2045,0.14266878,possibly_new
797,2165,0.13074386,possibly_new
798,545,0.13381921,possibly_new
799,1695,0.13917662,possibly_new
800,746,0.12512182,possibly_new
801,434,0.14626865,possibly_new
802,3352,0.14124921,possibly_new
803,2519,0.157794,possibly_new
804,1452,0.12827037,possibly_new
805,1452,0.17417882,possibly_new
806,1139,0.16097686,possibly_new
807,3593,0.12727371,possibly_new
808,1312,0.1768313,possibly_new
809,992,0.13627186,possibly_new
810,727,0.1289916,possibly_new
811,3548,0.14040187,possibly_new
812,2358,0.17122081,possibly_new
813,4010,0.23779157,possibly_new
814,2845,0.37836957,possibly_new
815,2235,0.14860421,possibly_new
816,1898,0.16719577,possibly_new
817,583,0.13191205,possibly_new
818,126,0.12640974,possibly_new
819,1897,0.13023558,possibly_new
820,3239,0.116758406,possibly_new
821,3189,0.15122697,possibly_new
822,395,0.12600905,possibly_new
823,2291,0.29387525,possibly_new
824,952,0.12787122,possibly_new
825,1489,0.13827053,possibly_new
826,290,0.12942198,possibly_new
827,1401,0.12739167,possibly_new
828,3532,0.13863829,possibly_new
829,443,0.13671702,possibly_new
830,2700,0.13364477,possibly_new
831,2880,0.17493625,possibly_new
832,3285,0.13168997,possibly_new
833,3411,0.13853052,possibly_new
834,739,0.13844454,possibly_new
835,3902,0.1164751,possibly_new
836,1103,0.13799629,possibly_new
837,1542,0.12526739,possibly_new
838,1875,0.21386826,possibly_new
839,1242,0.13258934,possibly_new
840,2876,0.13636589,possibly_new
841,942,0.14206524,possibly_new
842,2628,0.13292834,possibly_new
843,3369,0.15450859,possibly_new
844,220,0.15077855,possibly_new
845,2585,0.13266477,possibly_new
846,739,0.1517904,possibly_new
847,167,0.16977736,possibly_new
848,212,0.122373715,possibly_new
849,924,0.14138542,possibly_new
850,3069,0.12974983,possibly_new
851,1395,0.11962205,possibly_new
852,2486,0.13489261,possibly_new
853,3526,0.13781473,possibly_new
854,887,0.15544653,possibly_new
855,4050,0.12662496,possibly_new
856,2336,0.15386933,possibly_new
857,516,0.12691668,possibly_new
858,2804,0.12547824,possibly_new
859,384,0.29572982,possibly_new
860,3889,0.13989753,possibly_new
861,299,0.15296383,possibly_new
862,1208,0.1333369,possibly_new
863,3484,0.13841218,possibly_new
864,373,0.12932256,possibly_new
865,2398,0.13755521,possibly_new
866,3676,0.12076689,possibly_new
867,2079,0.14072329,possibly_new
868,167,0.13853994,possibly_new
869,3800,0.13612151,possibly_new
870,2730,0.1340101,possibly_new
871,3735,0.17918989,possibly_new
872,3588,0.11864373,possibly_new
873,1274,0.12806308,possibly_new
874,2972,0.34646726,possibly_new
875,2408,0.21678662,possibly_new
876,2707,0.12571368,possibly_new
877,2811,0.16572002,possibly_new
878,219,0.1354655,possibly_new
879,3317,0.1386988,possibly_new
880,1875,0.14734158,possibly_new
881,1371,0.12963532,possibly_new
882,1102,0.14306843,possibly_new
883,2944,0.15045965,possibly_new
884,2171,0.13118635,possibly_new
885,1676,0.12622541,possibly_new
886,1304,0.14859085,possibly_new
887,3692,0.12183043,possibly_new
888,1106,0.24227576,possibly_new
889,3567,0.14428888,possibly_new
890,2867,0.13733329,possibly_new
891,2033,0.1265598,possibly_new
892,58,0.12999225,possibly_new
893,2476,0.14012295,possibly_new
894,37,0.1269467,possibly_new
895,852,0.13091078,possibly_new
896,2737,0.16313052,possibly_new
897,612,0.12121904,possibly_new
898,3850,0.14398901,possibly_new
899,3400,0.15446523,possibly_new
900,4001,0.12433568,possibly_new
901,286,0.14686754,possibly_new
902,585,0.12515736,possibly_new
903,370,0.29843706,possibly_new
904,175,0.120236486,possibly_new
905,510,0.1348398,possibly_new
906,353,0.12114251,possibly_new
907,2667,0.13477826,possibly_new
908,2989,0.11620296,possibly_new
909,2491,0.13171273,possibly_new
910,367,0.153385,possibly_new
911,1453,0.12645581,possibly_new
912,1739,0.14520477,possibly_new
913,3496,0.14609149,possibly_new
914,3889,0.13665642,possibly_new
915,1075,0.1514804,possibly_new
916,1934,0.17893758,possibly_new
917,691,0.12010402,possibly_new
918,1934,0.2644786,possibly_new
919,2017,0.13673043,possibly_new
920,137,0.1446973,possibly_new
921,2808,0.13534416,possibly_new
922,1837,0.15311438,possibly_new
923,3400,0.14053835,possibly_new
924,317,0.1405305,possibly_new
925,1430,0.12839194,possibly_new
926,3133,0.115934305,possibly_new
927,1661,0.11821289,possibly_new
928,2362,0.13583916,possibly_new
929,3595,0.1384343,possibly_new
930,965,0.13798606,possibly_new
931,2664,0.1262568,possibly_new
932,2408,0.16619946,possibly_new
933,2236,0.14713445,possibly_new
934,2664,0.12873754,possibly_new
935,471,0.1530058,possibly_new
936,1576,0.31008282,possibly_new
937,24,0.17404059,possibly_new
938,787,0.11240105,possibly_new
939,1289,0.116840154,possibly_new
940,2520,0.13556069,possibly_new
941,3212,0.12046581,possibly_new
942,2972,0.1889954,possibly_new
943,474,0.12660211,possibly_new
944,1327,0.13965997,possibly_new
945,1837,0.16281988,possibly_new
946,2705,0.22029224,possibly_new
947,3839,0.15087944,possibly_new
948,2730,0.12837684,possibly_new
949,3210,0.11600195,possibly_new
950,394,0.16707902,possibly_new
951,3149,0.14727971,possibly_new
952,489,0.122724645,possibly_new
953,1662,0.12866823,possibly_new
954,1517,0.13045892,possibly_new
955,3523,0.24152502,possibly_new
956,2167,0.13997456,possibly_new
957,3331,0.11517607,possibly_new
958,741,0.14639653,possibly_new
959,507,0.124690965,possibly_new
960,3663,0.14901511,possibly_new
961,3489,0.14050505,possibly_new
962,3201,0.13701794,possibly_new
963,628,0.12411152,possibly_new
964,3981,0.12794833,possibly_new
965,1843,0.11473988,possibly_new
966,3975,0.13961989,possibly_new
967,716,0.13754435,possibly_new
968,2408,0.16441272,possibly_new
969,70,0.1327319,possibly_new
970,1317,0.13882732,possibly_new
971,3972,0.16359326,possibly_new
972,1265,0.15334654,possibly_new
973,575,0.1300982,possibly_new
974,1296,0.3931025,possibly_new
975,2667,0.14287741,possibly_new
976,1131,0.11869015,possibly_new
977,703,0.119084045,possibly_new
978,1289,0.122453235,possibly_new
979,756,0.12493792,possibly_new
980,779,0.13508627,possibly_new
981,889,0.12937039,possibly_new
982,1361,0.11760632,possibly_new
983,1565,0.2561801,possibly_new
984,1274,0.12558997,possibly_new
985,3454,0.12482512,possibly_new
986,3191,0.123739585,possibly_new
987,2695,0.1800544,possibly_new
988,2488,0.1335115,possibly_new
989,1155,0.14044985,possibly_new
990,2398,0.20702064,possibly_new
991,1386,0.12952751,possibly_new
992,274,0.13502616,possibly_new
993,412,0.1222504,possibly_new
994,3994,0.13704726,possibly_new
995,1319,0.12673743,possibly_new
996,1589,0.12888877,possibly_new
997,2005,0.123635806,possibly_new
998,1150,0.13840163,possibly_new
999,982,0.14143467,possibly_new
1000,4080,0.1316129,possibly_new
1001,1620,0.14565758,possibly_new
1002,3523,0.14224455,possibly_new
1003,3901,0.1374794,possibly_new
1004,2239,0.128117,possibly_new
1005,2477,0.15743706,possibly_new
1006,3732,0.118481055,possibly_new
1007,3301,0.14092186,possibly_new
1008,280,0.11303238,possibly_new
1009,3016,0.13832346,possibly_new
1010,1370,0.1906805,possibly_new
1011,4059,0.13980368,possibly_new
1012,2393,0.12274422,possibly_new
1013,1858,0.115404926,possibly_new
1014,345,0.12261708,possibly_new
1015,1436,0.2987888,possibly_new
1016,3484,0.21844992,possibly_new
1017,1194,0.124672346,possibly_new
1018,2269,0.13104212,possibly_new
1019,2990,0.15810923,possibly_new
1020,520,0.15743248,possibly_new
1021,1425,0.117151275,possibly_new
1022,642,0.1379852,possibly_new
1023,3010,0.14775962,possibly_new
1024,3291,0.12004705,possibly_new
1025,763,0.12523891,possibly_new
1026,2845,0.14374305,possibly_new
1027,3569,0.13431777,possibly_new
1028,177,0.12126258,possibly_new
1029,1588,0.14139383,possibly_new
1030,24,0.12159474,possibly_new
1031,652,0.12527648,possibly_new
1032,546,0.12549168,possibly_new
1033,247,0.12576823,possibly_new
1034,3917,0.13211751,possibly_new
1035,690,0.16286343,possibly_new
1036,2383,0.13587402,possibly_new
1037,2957,0.14196742,possibly_new
1038,1334,0.13496487,possibly_new
1039,1934,0.17594035,possibly_new
1040,3864,0.123226225,possibly_new
1041,2390,0.12088416,possibly_new
1042,545,0.19910406,possibly_new
1043,3440,0.1371276,possibly_new
1044,2785,0.124542415,possibly_new
1045,1990,0.1274904,possibly_new
1046,421,0.13572429,possibly_new
1047,2226,0.15818083,possibly_new
1048,3520,0.12562586,possibly_new
1049,2290,0.13686854,possibly_new
1050,4043,0.12168579,possibly_new
1051,1423,0.1390409,possibly_new
1052,427,0.13892123,possibly_new
1053,124,0.17451006,possibly_new
1054,885,0.12324345,possibly_new
1055,4028,0.12821057,possibly_new
1056,2957,0.14063638,possibly_new
1057,3081,0.13044913,possibly_new
1058,2705,0.112907946,possibly_new
1059,1950,0.1279096,possibly_new
1060,667,0.14551042,possibly_new
1061,1080,0.12692256,possibly_new
1062,1956,0.15454812,possibly_new
1063,192,0.11602391,possibly_new
1064,2410,0.12962508,possibly_new
1065,1999,0.11615416,possibly_new
1066,3551,0.1324483,possibly_new
1067,545,0.14557233,possibly_new
1068,683,0.17069268,possibly_new
1069,973,0.12494735,possibly_new
1070,627,0.12630577,possibly_new
1071,2239,0.13873833,possibly_new
1072,1496,0.12066226,possibly_new
1073,650,0.12221369,possibly_new
1074,3307,0.15553328,possibly_new
1075,508,0.11804046,possibly_new
1076,34,0.1538881,possibly_new
1077,4000,0.123779565,possibly_new
1078,443,0.11600445,possibly_new
1079,1025,0.12055488,possibly_new
1080,1310,0.12365852,possibly_new
1081,3167,0.1872837,possibly_new
1082,3907,0.1430127,possibly_new
1083,2315,0.12412514,possibly_new
1084,1539,0.12385058,possibly_new
1085,2617,0.18987212,possibly_new
1086,137,0.2827305,possibly_new
1087,3322,0.13012484,possibly_new
1088,2566,0.1268023,possibly_new
1089,1934,0.37875336,possibly_new
1090,3819,0.13413432,possibly_new
1091,2195,0.13131009,possibly_new
1092,664,0.14277431,possibly_new
1093,2080,0.12950799,possibly_new
1094,2959,0.12982643,possibly_new
1095,2820,0.120552786,possibly_new
1096,2777,0.12306303,possibly_new
1097,2633,0.16139752,possibly_new
1098,2698,0.117971554,possibly_new
1099,2978,0.33477682,possibly_new
1100,1680,0.13867247,possibly_new
1101,3086,0.12097751,possibly_new
1102,1476,0.14186239,possibly_new
1103,419,0.1357485,possibly_new
1104,2756,0.13272679,possibly_new
1105,3523,0.1309917,possibly_new
1106,3859,0.1269953,possibly_new
1107,3736,0.1273293,possibly_new
1108,4010,0.29515123,possibly_new
1109,1789,0.14913312,possibly_new
1110,1532,0.11291215,possibly_new
1111,3155,0.12620965,possibly_new
1112,1158,0.13216141,possibly_new
1113,1437,0.12319,possibly_new
1114,3565,0.12089302,possibly_new
1115,1185,0.13009475,possibly_new
1116,2245,0.13593993,possibly_new
1117,2632,0.12193249,possibly_new
1118,1040,0.12760848,possibly_new
1119,2970,0.113617346,possibly_new
1120,190,0.14555642,possibly_new
1121,2541,0.1453516,possibly_new
1122,1609,0.11705181,possibly_new
1123,2054,0.12356646,possibly_new
1124,94,0.16945978,possibly_new
1125,2865,0.12775299,possibly_new
1126,910,0.121781155,possibly_new
1127,4095,0.11309285,possibly_new
1128,2188,0.1098198,possibly_new
1129,1467,0.1299763,possibly_new
1130,3270,0.14040008,possibly_new
1131,1565,0.17336453,possibly_new
1132,3458,0.1311311,possibly_new
1133,2926,0.124556795,possibly_new
1134,2938,0.14219815,possibly_new
1135,1104,0.13221304,possibly_new
1136,427,0.1279468,possibly_new
1137,1373,0.12470854,possibly_new
1138,3854,0.1186918,possibly_new
1139,3211,0.12307492,possibly_new
1140,1640,0.121601775,possibly_new
1141,3894,0.12040174,possibly_new
1142,2259,0.15460964,possibly_new
1143,636,0.11692174,possibly_new
1144,1420,0.11539539,possibly_new
1145,275,0.16512854,possibly_new
1146,3777,0.15934789,possibly_new
1147,2639,0.13295956,possibly_new
1148,462,0.13442065,possibly_new
1149,919,0.1276964,possibly_new
1150,657,0.13978544,possibly_new
1151,1858,0.13956647,possibly_new
1152,3792,0.122596145,possibly_new
1153,2782,0.12965348,possibly_new
1154,2088,0.12413546,possibly_new
1155,3642,0.13623068,possibly_new
1156,2828,0.13681036,possibly_new
1157,620,0.12600043,possibly_new
1158,3683,0.14708641,possibly_new
1159,2984,0.14070402,possibly_new
1160,88,0.12744309,possibly_new
1161,3044,0.13255167,possibly_new
1162,1842,0.20222837,possibly_new
1163,226,0.11458539,possibly_new
1164,958,0.111604035,possibly_new
1165,510,0.1362636,possibly_new
1166,4091,0.13185541,possibly_new
1167,1505,0.13238773,possibly_new
1168,148,0.12968156,possibly_new
1169,2262,0.20150408,possibly_new
1170,2214,0.13259028,possibly_new
1171,2739,0.12945169,possibly_new
1172,365,0.12412125,possibly_new
1173,323,0.14846429,possibly_new
1174,1045,0.118027665,possibly_new
1175,98,0.13443193,possibly_new
1176,1860,0.14201427,possibly_new
1177,3007,0.13286777,possibly_new
1178,1946,0.13770954,possibly_new
1179,3986,0.13376492,possibly_new
1180,2976,0.12263979,possibly_new
1181,3245,0.12644346,possibly_new
1182,3729,0.43592632,possibly_new
1183,1211,0.13450056,possibly_new
1184,2205,0.121638805,possibly_new
1185,2564,0.12789245,possibly_new
1186,2220,0.11574261,possibly_new
1187,3433,0.13111381,possibly_new
1188,2227,0.14239852,possibly_new
1189,4079,0.14083613,possibly_new
1190,195,0.12995332,possibly_new
1191,2790,0.14258648,possibly_new
1192,4062,0.12574182,possibly_new
1193,1847,0.12960988,possibly_new
1194,3219,0.1429303,possibly_new
1195,2042,0.12620544,possibly_new
1196,1948,0.123791665,possibly_new
1197,2792,0.12424764,possibly_new
1198,1234,0.13459064,possibly_new
1199,723,0.13303307,possibly_new
1200,2917,0.12819149,possibly_new
1201,716,0.12571302,possibly_new
1202,2308,0.12802547,possibly_new
1203,3595,0.13078046,possibly_new
1204,4031,0.13868922,possibly_new
1205,2276,0.12580805,possibly_new
1206,2244,0.13006084,possibly_new
1207,1740,0.12374934,possibly_new
1208,3183,0.1187512,possibly_new
1209,3727,0.122123234,possibly_new
1210,1941,0.1283122,possibly_new
1211,1642,0.12317948,possibly_new
1212,1629,0.47165117,possibly_new
1213,840,0.12673308,possibly_new
1214,716,0.18117869,possibly_new
1215,2405,0.13694605,possibly_new
1216,2291,0.13402835,possibly_new
1217,137,0.19606617,possibly_new
1218,3550,0.116554275,possibly_new
1219,3315,0.12311062,possibly_new
1220,4022,0.1261109,possibly_new
1221,2055,0.15879306,possibly_new
1222,3523,0.15835556,possibly_new
1223,97,0.13475308,possibly_new
1224,463,0.13236555,possibly_new
1225,1987,0.12306628,possibly_new
1226,2860,0.1470536,possibly_new
1227,86,0.13692993,possibly_new
1228,2601,0.12784728,possibly_new
1229,3622,0.12317646,possibly_new
1230,2982,0.12831028,possibly_new
1231,989,0.13395923,possibly_new
1232,1711,0.1262373,possibly_new
1233,2147,0.12546536,possibly_new
1234,650,0.14586751,possibly_new
1235,522,0.11995858,possibly_new
1236,2692,0.13454396,possibly_new
1237,1983,0.19674781,possibly_new
1238,4025,0.114035726,possibly_new
1239,2079,0.12605542,possibly_new
1240,1266,0.25738132,possibly_new
1241,3645,0.14447713,possibly_new
1242,3959,0.13675292,possibly_new
1243,495,0.16613464,possibly_new
1244,3990,0.11404554,possibly_new
1245,2934,0.11716586,possibly_new
1246,2471,0.1272085,possibly_new
1247,3462,0.12508762,possibly_new
1248,1843,0.1361607,possibly_new
1249,264,0.13598871,possibly_new
1250,3889,0.2850637,possibly_new
1251,3886,0.121113166,possibly_new
1252,289,0.12104447,possibly_new
1253,1592,0.13113208,possibly_new
1254,1847,0.11465214,possibly_new
1255,2707,0.1241952,possibly_new
1256,3784,0.27716935,possibly_new
1257,3700,0.12445168,possibly_new
1258,2768,0.120466225,possibly_new
1259,3274,0.14825791,possibly_new
1260,716,0.3281768,possibly_new
1261,363,0.1294337,possibly_new
1262,1163,0.13659361,possibly_new
1263,209,0.13014235,possibly_new
1264,840,0.1327657,possibly_new
1265,716,0.15228295,possibly_new
1266,986,0.12594819,possibly_new
1267,1567,0.13584256,possibly_new
1268,117,0.1352219,possibly_new
1269,2377,0.13452376,possibly_new
1270,1756,0.13941142,possibly_new
1271,2131,0.13754298,possibly_new
1272,3978,0.12410045,possibly_new
1273,1956,0.18905129,possibly_new
1274,2845,0.14511393,possibly_new
1275,2130,0.12157865,possibly_new
1276,2389,0.15839016,possibly_new
1277,253,0.11438823,possibly_new
1278,217,0.1410039,possibly_new
1279,3931,0.27002546,possibly_new
1280,2801,0.14943181,possibly_new
1281,3889,0.16057737,possibly_new
1282,1016,0.13564897,possibly_new
1283,1500,0.13602507,possibly_new
1284,2028,0.12391186,possibly_new
1285,3950,0.1354859,possibly_new
1286,2524,0.12438519,possibly_new
1287,2017,0.13848102,possibly_new
1288,2992,0.36804998,possibly_new
1289,545,0.13013676,possibly_new
1290,628,0.1447121,possibly_new
1291,1993,0.13673684,possibly_new
1292,2506,0.23680025,possibly_new
1293,3931,0.15271482,possibly_new
1294,488,0.11536479,possibly_new
1295,1534,0.13768448,possibly_new
1296,370,0.16125336,possibly_new
1297,1472,0.1689614,possibly_new
1298,3671,0.12493867,possibly_new
1299,3494,0.13227293,possibly_new
1300,3886,0.14060871,possibly_new
1301,553,0.14543197,possibly_new
1302,3498,0.12412751,possibly_new
1303,678,0.14085345,possibly_new
1304,766,0.13374129,possibly_new
1305,125,0.12308258,possibly_new
1306,2090,0.12889634,possibly_new
1307,3959,0.1840523,possibly_new
1308,182,0.14570692,possibly_new
1309,744,0.13685521,possibly_new
1310,2609,0.13212179,possibly_new
1311,4068,0.13096625,possibly_new
1312,1104,0.13683823,possibly_new
1313,330,0.11967829,possibly_new
1314,2957,0.18311931,possibly_new
1315,542,0.13109565,possibly_new
1316,566,0.12962723,possibly_new
1317,3593,0.1255782,possibly_new
1318,502,0.12875502,possibly_new
1319,1220,0.110275224,possibly_new
1320,4064,0.12549105,possibly_new
1321,155,0.14198746,possibly_new
1322,290,0.30112138,possibly_new
1323,1508,0.13528982,possibly_new
1324,3508,0.12691878,possibly_new
1325,1794,0.1400052,possibly_new
1326,2854,0.12872857,possibly_new
1327,1782,0.1154293,possibly_new
1328,2476,0.13364682,possibly_new
1329,2240,0.12855524,possibly_new
1330,2908,0.18267664,possibly_new
1331,2966,0.10935987,possibly_new
1332,2201,0.16236131,possibly_new
1333,2972,0.15465938,possibly_new
1334,2075,0.1272325,possibly_new
1335,4050,0.13194606,possibly_new
1336,295,0.15965942,possibly_new
1337,3363,0.1654957,possibly_new
1338,3613,0.121829584,possibly_new
1339,306,0.36472532,possibly_new
1340,2949,0.12938264,possibly_new
1341,1842,0.56770337,shifted_from_baseline
1342,513,0.13397679,possibly_new
1343,2325,0.12712151,possibly_new
1344,663,0.28344586,possibly_new
1345,2168,0.17225061,possibly_new
1346,603,0.13452913,possibly_new
1347,2493,0.11384678,possibly_new
1348,4021,0.1338332,possibly_new
1349,3011,0.1357033,possibly_new
1350,420,0.1460394,possibly_new
1351,2957,0.11864242,possibly_new
1352,635,0.124141745,possibly_new
1353,3332,0.12377662,possibly_new
1354,1824,0.11406982,possibly_new
1355,4082,0.13898733,possibly_new
1356,3742,0.10797227,possibly_new
1357,3028,0.15966877,possibly_new
1358,279,0.10875477,possibly_new
1359,543,0.16440663,possibly_new
1360,2111,0.13149878,possibly_new
1361,764,0.12403606,possibly_new
1362,1881,0.11978157,possibly_new
1363,3156,0.116699114,possibly_new
1364,2141,0.16630867,possibly_new
1365,864,0.1544665,possibly_new
1366,1705,0.122891426,possibly_new
1367,1062,0.13568982,possibly_new
1368,1697,0.119404316,possibly_new
1369,3905,0.12372171,possibly_new
1370,2460,0.13681154,possibly_new
1371,1337,0.12632841,possibly_new
1372,100,0.12732191,possibly_new
1373,512,0.12063132,possibly_new
1374,3729,0.28926134,possibly_new
1375,312,0.12573588,possibly_new
1376,526,0.1324685,possibly_new
1377,1143,0.13736667,possibly_new
1378,259,0.12948802,possibly_new
1379,2408,0.2723957,possibly_new
1380,1626,0.1375081,possibly_new
1381,2250,0.13567993,possibly_new
1382,2617,0.17979679,possibly_new
1383,938,0.12853014,possibly_new
1384,3278,0.11491255,possibly_new
1385,1805,0.13849205,possibly_new
1386,926,0.12833151,possibly_new
1387,3738,0.13320108,possibly_new
1388,3551,0.24156043,possibly_new
1389,881,0.13469642,possibly_new
1390,1853,0.12544173,possibly_new
1391,218,0.11534709,possibly_new
1392,2635,0.14469764,possibly_new
1393,575,0.13157037,possibly_new
1394,1830,0.122901395,possibly_new
1395,3409,0.14598401,possibly_new
1396,3889,0.1633112,possibly_new
1397,2076,0.11306587,possibly_new
1398,2262,0.22720838,possibly_new
1399,2656,0.12668106,possibly_new
1400,1682,0.14023362,possibly_new
1401,2650,0.16203947,possibly_new
1402,3486,0.14223577,possibly_new
1403,1972,0.119899265,possibly_new
1404,1187,0.12895098,possibly_new
1405,2617,0.16100624,possibly_new
1406,887,0.18028122,possibly_new
1407,3599,0.13537526,possibly_new
1408,1247,0.14649934,possibly_new
1409,2150,0.17459635,possibly_new
1410,1151,0.1785022,possibly_new
1411,1880,0.14341387,possibly_new
1412,1593,0.14224815,possibly_new
1413,2152,0.1325947,possibly_new
1414,3938,0.12942022,possibly_new
1415,2517,0.13536759,possibly_new
1416,2377,0.1445983,possibly_new
1417,3967,0.13596101,possibly_new
1418,3502,0.12132467,possibly_new
1419,3694,0.1383274,possibly_new
1420,3514,0.12716967,possibly_new
1421,3527,0.15263921,possibly_new
1422,2847,0.13765839,possibly_new
1423,3248,0.114179194,possibly_new
1424,1433,0.12671357,possibly_new
1425,569,0.1377143,possibly_new
1426,2408,0.38071162,possibly_new
1427,3540,0.19788504,possibly_new
1428,3970,0.1332426,possibly_new
1429,2466,0.13031738,possibly_new
1430,3618,0.14098173,possibly_new
1431,2128,0.11848561,possibly_new
1432,2819,0.11821744,possibly_new
1433,599,0.15865894,possibly_new
1434,500,0.13015294,possibly_new
1435,3442,0.12565768,possibly_new
1436,2701,0.12160662,possibly_new
1437,4058,0.12914163,possibly_new
1438,551,0.145877,possibly_new
1439,3755,0.13658576,possibly_new
1440,2880,0.29388425,possibly_new
1441,549,0.12696159,possibly_new
1442,3241,0.14428653,possibly_new
1443,1642,0.12989295,possibly_new
1444,2153,0.1420072,possibly_new
1445,1814,0.13519496,possibly_new
1446,442,0.12423526,possibly_new
1447,3138,0.12150092,possibly_new
1448,1799,0.14301136,possibly_new
1449,1104,0.13885294,possibly_new
1450,2910,0.13972935,possibly_new
1451,664,0.12421431,possibly_new
1452,1452,0.159082,possibly_new
1453,90,0.13249195,possibly_new
1454,1395,0.1336264,possibly_new
1455,363,0.12584352,possibly_new
1456,1860,0.12520456,possibly_new
1457,4067,0.123717815,possibly_new
1458,2161,0.14398983,possibly_new
1459,3364,0.117486514,possibly_new
1460,2096,0.14413133,possibly_new
1461,3301,0.12739763,possibly_new
1462,921,0.19198564,possibly_new
1463,3494,0.12784243,possibly_new
1464,2836,0.51748204,shifted_from_baseline
1465,2258,0.12922369,possibly_new
1466,1508,0.11944541,possibly_new
1467,1200,0.118307754,possibly_new
1468,410,0.12181664,possibly_new
1469,3826,0.13217528,possibly_new
1470,1875,0.46266025,possibly_new
1471,2878,0.13514367,possibly_new
1472,1168,0.21641165,possibly_new
1473,1240,0.1372215,possibly_new
1474,2048,0.13718677,possibly_new
1475,2549,0.13320065,possibly_new
1476,1675,0.12770984,possibly_new
1477,1653,0.12436795,possibly_new
1478,2632,0.13749051,possibly_new
1479,983,0.117223606,possibly_new
1480,1594,0.19961825,possibly_new
1481,2566,0.19461071,possibly_new
1482,697,0.13211934,possibly_new
1483,2016,0.22319585,possibly_new
1484,1515,0.1319544,possibly_new
1485,3958,0.11988352,possibly_new
1486,2506,0.12676448,possibly_new
1487,1580,0.14588207,possibly_new
1488,1363,0.11702451,possibly_new
1489,3221,0.18750668,possibly_new
1490,3531,0.14476573,possibly_new
1491,2140,0.12525061,possibly_new
1492,860,0.11535073,possibly_new
1493,3889,0.14321801,possibly_new
1494,2141,0.116629116,possibly_new
1495,545,0.14921543,possibly_new
1496,1147,0.1464011,possibly_new
1497,1268,0.12829334,possibly_new
1498,3797,0.13900204,possibly_new
1499,3901,0.22251113,possibly_new
1500,3076,0.1235599,possibly_new
1501,2431,0.17390877,possibly_new
1502,124,0.16640677,possibly_new
1503,3170,0.13871276,possibly_new
1504,1100,0.13447528,possibly_new
1505,3311,0.13366269,possibly_new
1506,3646,0.16654891,possibly_new
1507,2631,0.12508017,possibly_new
1508,1780,0.13387242,possibly_new
1509,106,0.1339621,possibly_new
1510,2784,0.22298348,possibly_new
1511,240,0.13773844,possibly_new
1512,640,0.15602568,possibly_new
1513,1731,0.13716418,possibly_new
1514,1012,0.12438093,possibly_new
1515,3701,0.12458983,possibly_new
1516,423,0.11739765,possibly_new
1517,2344,0.122457996,possibly_new
1518,3861,0.13107929,possibly_new
1519,1923,0.12752822,possibly_new
1520,1236,0.14124312,possibly_new
1521,1154,0.12668093,possibly_new
1522,921,0.156095,possibly_new
1523,676,0.13549882,possibly_new
1524,3095,0.12769684,possibly_new
1525,3096,0.12027684,possibly_new
1526,2205,0.12752616,possibly_new
1527,2176,0.1655173,possibly_new
1528,1994,0.12302837,possibly_new
1529,1312,0.18189648,possibly_new
1530,3520,0.1285282,possibly_new
1531,1711,0.14342113,possibly_new
1532,3589,0.13645962,possibly_new
1533,3778,0.13525544,possibly_new
1534,715,0.15664928,possibly_new
1535,4075,0.12161043,possibly_new
1536,3817,0.1164576,possibly_new
1537,2755,0.13626796,possibly_new
1538,2886,0.14727058,possibly_new
1539,2104,0.1752646,possibly_new
1540,1106,0.123685256,possibly_new
1541,3889,0.20540614,possibly_new
1542,3607,0.11700623,possibly_new
1543,1850,0.1338138,possibly_new
1544,1901,0.19529332,possibly_new
1545,950,0.14378934,possibly_new
1546,1875,0.31438583,possibly_new
1547,2050,0.12503676,possibly_new
1548,3223,0.17010725,possibly_new
1549,3740,0.11743267,possibly_new
1550,2389,0.12827128,possibly_new
1551,2105,0.15861191,possibly_new
1552,3871,0.12690194,possibly_new
1553,3593,0.12089601,possibly_new
1554,716,0.16058266,possibly_new
1555,267,0.12951185,possibly_new
1556,139,0.13075897,possibly_new
1557,2481,0.13874584,possibly_new
1558,956,0.123624,possibly_new
1559,3535,0.11455411,possibly_new
1560,1477,0.11863926,possibly_new
1561,2366,0.12682086,possibly_new
1562,2389,0.1402961,possibly_new
1563,2860,0.12577304,possibly_new
1564,322,0.12687567,possibly_new
1565,266,0.12641546,possibly_new
1566,2444,0.12900952,possibly_new
1567,3968,0.1452503,possibly_new
1568,1334,0.13847084,possibly_new
1569,1079,0.12502281,possibly_new
1570,3307,0.12688021,possibly_new
1571,503,0.15227023,possibly_new
1572,2422,0.14280522,possibly_new
1573,4077,0.12623814,possibly_new
1574,1655,0.11475955,possibly_new
1575,3143,0.1387651,possibly_new
1576,787,0.126448,possibly_new
1577,2731,0.12995267,possibly_new
1578,855,0.13458607,possibly_new
1579,3210,0.121903166,possibly_new
1580,544,0.120533645,possibly_new
1581,2920,0.14567217,possibly_new
1582,4084,0.12916493,possibly_new
1583,392,0.13503484,possibly_new
1584,2046,0.118423104,possibly_new
1585,4068,0.14582863,possibly_new
1586,250,0.13309246,possibly_new
1587,349,0.13364595,possibly_new
1588,3200,0.13183647,possibly_new
1589,3208,0.13073693,possibly_new
1590,2408,0.34675103,possibly_new
1591,437,0.1236508,possibly_new
1592,2294,0.12938035,possibly_new
1593,3889,0.2667845,possibly_new
1594,3871,0.12944286,possibly_new
1595,114,0.14099205,possibly_new
1596,2817,0.16203919,possibly_new
1597,2767,0.14258611,possibly_new
1598,1614,0.13747765,possibly_new
1599,2479,0.13055527,possibly_new
1600,3864,0.11991288,possibly_new
1601,557,0.13640076,possibly_new
1602,1393,0.13027702,possibly_new
1603,3391,0.13625169,possibly_new
1604,2758,0.13416412,possibly_new
1605,451,0.1290198,possibly_new
1606,1662,0.1227186,possibly_new
1607,1607,0.13022058,possibly_new
1608,103,0.12735787,possibly_new
1609,414,0.12102923,possibly_new
1610,1074,0.1388534,possibly_new
1611,2407,0.13400897,possibly_new
1612,1827,0.1187178,possibly_new
1613,3421,0.13438536,possibly_new
1614,153,0.13992609,possibly_new
1615,2617,0.16034205,possibly_new
1616,163,0.13075015,possibly_new
1617,1312,0.13073999,possibly_new
1618,3381,0.25852126,possibly_new
1619,127,0.14074615,possibly_new
1620,182,0.12759432,possibly_new
1621,830,0.12671968,possibly_new
1622,1940,0.13589478,possibly_new
1623,2347,0.17649323,possibly_new
1624,2078,0.12473847,possibly_new
1625,831,0.13151246,possibly_new
1626,3027,0.12542057,possibly_new
1627,1875,0.2031883,possibly_new
1628,2202,0.11043471,possibly_new
1629,3198,0.120970204,possibly_new
1630,3153,0.13520989,possibly_new
1631,189,0.1268868,possibly_new
1632,3108,0.12804341,possibly_new
1633,763,0.15529643,possibly_new
1634,4056,0.11020468,possibly_new
1635,1525,0.14869452,possibly_new
1636,545,0.13498226,possibly_new
1637,696,0.2886353,possibly_new
1638,2829,0.13463435,possibly_new
1639,3843,0.14846793,possibly_new
1640,1559,0.14802043,possibly_new
1641,2709,0.12052663,possibly_new
1642,1555,0.12574592,possibly_new
1643,1787,0.1401725,possibly_new
1644,3889,0.18376797,possibly_new
1645,137,0.36142403,possibly_new
1646,2213,0.1170308,possibly_new
1647,4043,0.13267544,possibly_new
1648,1606,0.13569994,possibly_new
1649,975,0.13088113,possibly_new
1650,3148,0.12399703,possibly_new
1651,1837,0.14159834,possibly_new
1652,2998,0.1266879,possibly_new
1653,3891,0.13008738,possibly_new
1654,184,0.14014587,possibly_new
1655,1885,0.13790731,possibly_new
1656,3089,0.13193372,possibly_new
1657,3889,0.16273329,possibly_new
1658,1777,0.18119039,possibly_new
1659,3836,0.11490512,possibly_new
1660,3620,0.13030279,possibly_new
1661,1876,0.118947394,possibly_new
1662,2829,0.133802,possibly_new
1663,4013,0.1342167,possibly_new
1664,127,0.1251609,possibly_new
1665,2844,0.1354039,possibly_new
1666,3912,0.12667997,possibly_new
1667,2159,0.12447193,possibly_new
1668,3334,0.12815192,possibly_new
1669,1795,0.1291879,possibly_new
1670,1021,0.11748052,possibly_new
1671,1854,0.12122795,possibly_new
1672,1576,0.21101877,possibly_new
1673,3284,0.119967714,possibly_new
1674,3350,0.1221441,possibly_new
1675,985,0.13395675,possibly_new
1676,3889,0.5060226,shifted_from_baseline
1677,2651,0.123227894,possibly_new
1678,3300,0.16086164,possibly_new
1679,1071,0.14577657,possibly_new
1680,1881,0.1740652,possibly_new
1681,3047,0.12575553,possibly_new
1682,2408,0.22809285,possibly_new
1683,2759,0.12117003,possibly_new
1684,2470,0.13688391,possibly_new
1685,2746,0.12997839,possibly_new
1686,1360,0.13588321,possibly_new
1687,3564,0.14473414,possibly_new
1688,1920,0.14359678,possibly_new
1689,3961,0.14541127,possibly_new
1690,1613,0.14552312,possibly_new
1691,3676,0.119031005,possibly_new
1692,1240,0.12245708,possibly_new
1693,3192,0.120813265,possibly_new
1694,624,0.13613181,possibly_new
1695,3135,0.13502559,possibly_new
1696,3441,0.1644482,possibly_new
1697,3889,0.15010563,possibly_new
1698,2791,0.14624505,possibly_new
1699,3933,0.14465739,possibly_new
1700,844,0.13997518,possibly_new
1701,1854,0.14426164,possibly_new
1702,3278,0.15157405,possibly_new
1703,643,0.13356452,possibly_new
1704,2023,0.1293207,possibly_new
1705,426,0.113805816,possibly_new
1706,2695,0.4586878,possibly_new
1707,2413,0.119878165,possibly_new
1708,2883,0.13082162,possibly_new
1709,972,0.14261197,possibly_new
1710,1565,0.16179678,possibly_new
1711,353,0.119615555,possibly_new
1712,105,0.11268192,possibly_new
1713,2147,0.11771872,possibly_new
1714,1843,0.1269001,possibly_new
1715,2970,0.14066559,possibly_new
1716,1573,0.21715999,possibly_new
1717,500,0.13286339,possibly_new
1718,3329,0.11243677,possibly_new
1719,535,0.12163411,possibly_new
1720,2947,0.13041759,possibly_new
1721,657,0.1177959,possibly_new
1722,395,0.13280863,possibly_new
1723,1114,0.120967,possibly_new
1724,403,0.14464062,possibly_new
1725,2578,0.15297978,possibly_new
1726,4078,0.12681285,possibly_new
1727,2586,0.12530395,possibly_new
1728,2408,0.24356383,possibly_new
1729,62,0.1400391,possibly_new
1730,1979,0.18749493,possibly_new
1731,2425,0.12588255,possibly_new
1732,384,0.27698964,possibly_new
1733,1703,0.12764797,possibly_new
1734,308,0.13093144,possibly_new
1735,2722,0.13267374,possibly_new
1736,2478,0.12407993,possibly_new
1737,3315,0.13478507,possibly_new
1738,465,0.1344375,possibly_new
1739,825,0.12315757,possibly_new
1740,2992,0.13821547,possibly_new
1741,2882,0.12270334,possibly_new
1742,1976,0.11564928,possibly_new
1743,1148,0.13013631,possibly_new
1744,2949,0.11659856,possibly_new
1745,2437,0.11712283,possibly_new
1746,3962,0.13659798,possibly_new
1747,3977,0.11959967,possibly_new
1748,137,0.10490149,possibly_new
1749,2072,0.1256282,possibly_new
1750,1713,0.140048,possibly_new
1751,2775,0.11140118,possibly_new
1752,3616,0.1146293,possibly_new
1753,1797,0.15098791,possibly_new
1754,86,0.11367527,possibly_new
1755,2386,0.1309951,possibly_new
1756,3616,0.13435572,possibly_new
1757,1943,0.120687164,possibly_new
1758,403,0.1513317,possibly_new
1759,933,0.11728014,possibly_new
1760,107,0.14809673,possibly_new
1761,1085,0.13650164,possibly_new
1762,2927,0.12688497,possibly_new
1763,2545,0.49508083,possibly_new
1764,2029,0.16400796,possibly_new
1765,3063,0.14193372,possibly_new
1766,53,0.13778007,possibly_new
1767,2860,0.17674918,possibly_new
1768,2439,0.12535763,possibly_new
1769,421,0.11478672,possibly_new
1770,716,0.2705883,possibly_new
1771,1473,0.12520592,possibly_new
1772,2695,0.12727757,possibly_new
1773,3341,0.120587304,possibly_new
1774,1890,0.17053492,possibly_new
1775,1005,0.11462869,possibly_new
1776,1576,0.1719523,possibly_new
1777,1728,0.14432868,possibly_new
1778,3432,0.13849205,possibly_new
1779,2633,0.14476451,possibly_new
1780,1718,0.13145608,possibly_new
1781,1217,0.1336306,possibly_new
1782,1229,0.14977792,possibly_new
1783,2128,0.13316473,possibly_new
1784,3252,0.13652061,possibly_new
1785,412,0.12597372,possibly_new
1786,1637,0.11402877,possibly_new
1787,3783,0.14062876,possibly_new
1788,2665,0.1413864,possibly_new
1789,2016,0.19361874,possibly_new
1790,2763,0.12122751,possibly_new
1791,1565,0.14297825,possibly_new
1792,1773,0.12341238,possibly_new
1793,3068,0.12358646,possibly_new
1794,199,0.11793203,possibly_new
1795,503,0.12727141,possibly_new
1796,2727,0.14065845,possibly_new
1797,721,0.140995,possibly_new
1798,931,0.329147,possibly_new
1799,2742,0.13035394,possibly_new
1800,3493,0.12820198,possibly_new
1801,2394,0.12510751,possibly_new
1802,3171,0.122140765,possibly_new
1803,3150,0.1340983,possibly_new
1804,2291,0.20064467,possibly_new
1805,1939,0.13115263,possibly_new
1806,4072,0.12452528,possibly_new
1807,3238,0.13041823,possibly_new
1808,3981,0.12627757,possibly_new
1809,887,0.29692215,possibly_new
1810,643,0.13324371,possibly_new
1811,2133,0.13565731,possibly_new
1812,2305,0.12781042,possibly_new
1813,46,0.13529123,possibly_new
1814,858,0.12383014,possibly_new
1815,3445,0.15973544,possibly_new
1816,2369,0.12120625,possibly_new
1817,2625,0.13090287,possibly_new
1818,109,0.13037832,possibly_new
1819,3061,0.1193922,possibly_new
1820,2260,0.1515435,possibly_new
1821,292,0.14911027,possibly_new
1822,1576,0.13863438,possibly_new
1823,1576,0.19299263,possibly_new
1824,3170,0.14193863,possibly_new
1825,2144,0.14596699,possibly_new
1826,587,0.11761005,possibly_new
1827,1047,0.13682656,possibly_new
1828,2690,0.12372261,possibly_new
1829,2921,0.1317509,possibly_new
1830,596,0.15138187,possibly_new
1831,540,0.13065037,possibly_new
1832,1370,0.406461,possibly_new
1833,2400,0.16028306,possibly_new
1834,2127,0.14093927,possibly_new
1835,3222,0.11679513,possibly_new
1836,1159,0.11265439,possibly_new
1837,3042,0.12993026,possibly_new
1838,824,0.14825165,possibly_new
1839,921,0.1295742,possibly_new
1840,1662,0.1383098,possibly_new
1841,1172,0.14170152,possibly_new
1842,1506,0.12433291,possibly_new
1843,3529,0.12544042,possibly_new
1844,1409,0.1337022,possibly_new
1845,951,0.11748284,possibly_new
1846,3536,0.12094875,possibly_new
1847,2408,0.30355328,possibly_new
1848,2845,0.18362364,possibly_new
1849,1347,0.12200657,possibly_new
1850,125,0.17075858,possibly_new
1851,585,0.121134624,possibly_new
1852,2440,0.14594214,possibly_new
1853,4088,0.12770855,possibly_new
1854,705,0.121816516,possibly_new
1855,72,0.12651059,possibly_new
1856,187,0.12727113,possibly_new
1857,1679,0.1866838,possibly_new
1858,808,0.13814043,possibly_new
1859,301,0.18906242,possibly_new
1860,3437,0.1357906,possibly_new
1861,1702,0.13287356,possibly_new
1862,1217,0.15568727,possibly_new
1863,498,0.12497989,possibly_new
1864,1912,0.11481354,possibly_new
1865,3559,0.16007067,possibly_new
1866,108,0.119783744,possibly_new
1867,1527,0.1367471,possibly_new
1868,998,0.13028018,possibly_new
1869,3066,0.12450404,possibly_new
1870,3045,0.12826468,possibly_new
1871,2764,0.12269154,possibly_new
1872,327,0.14191645,possibly_new
1873,2911,0.12773368,possibly_new
1874,4074,0.12983038,possibly_new
1875,2197,0.1239528,possibly_new
1876,3548,0.13417758,possibly_new
1877,3606,0.120218754,possibly_new
1878,1612,0.13283752,possibly_new
1879,2547,0.11256594,possibly_new
1880,3378,0.123347566,possibly_new
1881,2860,0.12065916,possibly_new
1882,2763,0.11638825,possibly_new
1883,3277,0.12227663,possibly_new
1884,561,0.13380297,possibly_new
1885,205,0.12971634,possibly_new
1886,1327,0.12863845,possibly_new
1887,1242,0.13998708,possibly_new
1888,2599,0.13025415,possibly_new
1889,607,0.15656035,possibly_new
1890,1863,0.12211773,possibly_new
1891,1424,0.11177686,possibly_new
1892,2640,0.12984993,possibly_new
1893,1572,0.13226262,possibly_new
1894,948,0.13151564,possibly_new
1895,3559,0.20211065,possibly_new
1896,4036,0.114689946,possibly_new
1897,737,0.14855239,possibly_new
1898,2100,0.14806803,possibly_new
1899,3057,0.15287676,possibly_new
1900,1957,0.13329133,possibly_new
1901,963,0.13855222,possibly_new
1902,1882,0.12606904,possibly_new
1903,2979,0.13000499,possibly_new
1904,1374,0.11997925,possibly_new
1905,2620,0.14127782,possibly_new
1906,361,0.14478025,possibly_new
1907,3416,0.1442921,possibly_new
1908,1041,0.11907023,possibly_new
1909,807,0.15778187,possibly_new
1910,2473,0.13432746,possibly_new
1911,753,0.15157312,possibly_new
1912,3144,0.15103984,possibly_new
1913,2921,0.12610485,possibly_new
1914,1061,0.12292375,possibly_new
1915,1494,0.12614244,possibly_new
1916,2705,0.21103784,possibly_new
1917,728,0.12622264,possibly_new
1918,1576,0.23107909,possibly_new
1919,3779,0.13616896,possibly_new
1920,1486,0.11531901,possibly_new
1921,2056,0.14261049,possibly_new
1922,3402,0.14125267,possibly_new
1923,1711,0.12701988,possibly_new
1924,1333,0.13064098,possibly_new
1925,3441,0.15908358,possibly_new
1926,3612,0.14223765,possibly_new
1927,1621,0.12244138,possibly_new
1928,317,0.14333601,possibly_new
1929,1311,0.13053332,possibly_new
1930,2150,0.14078332,possibly_new
1931,3889,0.19804096,possibly_new
1932,266,0.1345751,possibly_new
1933,3484,0.16439584,possibly_new
1934,1576,0.19200443,possibly_new
1935,3161,0.14719516,possibly_new
1936,1527,0.12772316,possibly_new
1937,887,0.15448104,possibly_new
1938,2617,0.20030472,possibly_new
1939,2593,0.13806376,possibly_new
1940,172,0.12117036,possibly_new
1941,461,0.12975839,possibly_new
1942,4058,0.12066877,possibly_new
1943,74,0.1251611,possibly_new
1944,3088,0.14798021,possibly_new
1945,1583,0.116512716,possibly_new
1946,1933,0.13638653,possibly_new
1947,487,0.124913774,possibly_new
1948,1086,0.13706309,possibly_new
1949,3283,0.17681345,possibly_new
1950,2034,0.12885134,possibly_new
1951,47,0.119506,possibly_new
1952,2556,0.11517015,possibly_new
1953,1294,0.11498263,possibly_new
1954,1212,0.1297647,possibly_new
1955,1783,0.12776433,possibly_new
1956,2752,0.14149073,possibly_new
1957,119,0.13790417,possibly_new
1958,3748,0.13133377,possibly_new
1959,1344,0.12777334,possibly_new
1960,3634,0.1312305,possibly_new
1961,1844,0.11495843,possibly_new
1962,2993,0.108137876,possibly_new
1963,298,0.1363936,possibly_new
1964,1400,0.1318034,possibly_new
1965,2622,0.13572963,possibly_new
1966,107,0.13319445,possibly_new
1967,3958,0.13573006,possibly_new
1968,1934,0.22121073,possibly_new
1969,3109,0.12117522,possibly_new
1970,2330,0.12910855,possibly_new
1971,1659,0.1199002,possibly_new
1972,2475,0.13125035,possibly_new
1973,1430,0.12563999,possibly_new
1974,301,0.15658419,possibly_new
1975,1047,0.12189462,possibly_new
1976,459,0.11898618,possibly_new
1977,767,0.13112196,possibly_new
1978,2808,0.12620105,possibly_new
1979,2733,0.12568472,possibly_new
1980,76,0.1243846,possibly_new
1981,3288,0.1850371,possibly_new
1982,3751,0.14863059,possibly_new
1983,1527,0.13695654,possibly_new
1984,3490,0.13700259,possibly_new
1985,1630,0.12609217,possibly_new
1986,2926,0.1357442,possibly_new
1987,3132,0.12771739,possibly_new
1988,1416,0.12477016,possibly_new
1989,2226,0.24613367,possibly_new
1990,2431,0.13224359,possibly_new
1991,2408,0.34100884,possibly_new
1992,3554,0.12652089,possibly_new
1993,505,0.12529287,possibly_new
1994,2347,0.1217448,possibly_new
1995,2408,0.2975098,possibly_new
1996,3888,0.36332723,possibly_new
1997,2806,0.12652428,possibly_new
1998,3307,0.22416048,possibly_new
1999,3078,0.11463021,possibly_new
2000,2979,0.13199581,possibly_new
2001,3889,0.20500153,possibly_new
2002,2113,0.11967534,possibly_new
2003,78,0.124747425,possibly_new
2004,2699,0.15362063,possibly_new
2005,3784,0.16949195,possibly_new
2006,854,0.1688714,possibly_new
2007,387,0.19849974,possibly_new
2008,1573,0.16422871,possibly_new
2009,292,0.12100199,possibly_new
2010,383,0.13212936,possibly_new
2011,3249,0.13046263,possibly_new
2012,65,0.13721374,possibly_new
2013,1740,0.13956189,possibly_new
2014,3889,0.2172197,possibly_new
2015,2485,0.16669247,possibly_new
2016,3830,0.13179356,possibly_new
2017,1407,0.11854871,possibly_new
2018,2866,0.13853571,possibly_new
2019,3206,0.1483975,possibly_new
2020,470,0.13856758,possibly_new
2021,3757,0.12861304,possibly_new
2022,2777,0.19004676,possibly_new
2023,1254,0.12171535,possibly_new
2024,2266,0.11782612,possibly_new
2025,7,0.13858888,possibly_new
2026,3299,0.12279712,possibly_new
2027,3097,0.20513189,possibly_new
2028,736,0.130007,possibly_new
2029,988,0.1427456,possibly_new
2030,648,0.13443059,possibly_new
2031,2266,0.13040027,possibly_new
2032,3287,0.13256732,possibly_new
2033,1292,0.12195011,possibly_new
2034,137,0.14481492,possibly_new
2035,2037,0.12187671,possibly_new
2036,3390,0.12282203,possibly_new
2037,2040,0.15026605,possibly_new
2038,403,0.1448814,possibly_new
2039,2993,0.13154146,possibly_new
2040,664,0.16131124,possibly_new
2041,2688,0.12677379,possibly_new
2042,1661,0.12269418,possibly_new
2043,2694,0.14373589,possibly_new
2044,696,0.13038015,possibly_new
2045,687,0.12660062,possibly_new
2046,84,0.12683895,possibly_new
2047,3373,0.13166465,possibly_new
2048,3951,0.1226085,possibly_new
2049,2864,0.12123555,possibly_new
2050,999,0.1649863,possibly_new
2051,3964,0.16361904,possibly_new
2052,1474,0.14175963,possibly_new
2053,2680,0.128069,possibly_new
2054,236,0.16041955,possibly_new
2055,2724,0.13731657,possibly_new
2056,2040,0.14195688,possibly_new
2057,2244,0.124167845,possibly_new
2058,1321,0.31784737,possibly_new
2059,1721,0.119381115,possibly_new
2060,664,0.1674932,possibly_new
2061,2737,0.28685915,possibly_new
2062,3864,0.12787315,possibly_new
2063,2737,0.14548014,possibly_new
2064,3810,0.1380071,possibly_new
2065,2004,0.12381479,possibly_new
2066,713,0.12434962,possibly_new
2067,301,0.1400334,possibly_new
2068,3357,0.13426845,possibly_new
2069,384,0.14838505,possibly_new
2070,643,0.19842896,possibly_new
2071,2334,0.15832925,possibly_new
2072,3713,0.121882334,possibly_new
2073,137,0.18215571,possibly_new
2074,3165,0.12021726,possibly_new
2075,370,0.16128609,possibly_new
2076,2909,0.12777847,possibly_new
2077,1597,0.11860747,possibly_new
2078,234,0.12912475,possibly_new
2079,88,0.11826514,possibly_new
2080,1875,0.26588994,possibly_new
2081,2037,0.12126693,possibly_new
2082,2134,0.13677019,possibly_new
2083,2064,0.123746715,possibly_new
2084,713,0.12813051,possibly_new
2085,1876,0.12577319,possibly_new
2086,1908,0.1316554,possibly_new
2087,114,0.1225455,possibly_new
2088,1896,0.12254043,possibly_new
2089,862,0.123565584,possibly_new
2090,3903,0.11576178,possibly_new
2091,71,0.12954661,possibly_new
2092,283,0.11710635,possibly_new
2093,2751,0.12276501,possibly_new
2094,1513,0.15586868,possibly_new
2095,3889,0.56608367,shifted_from_baseline
2096,2633,0.34951717,possibly_new
2097,1814,0.12779082,possibly_new
2098,533,0.12666221,possibly_new
2099,137,0.41553256,possibly_new
2100,1706,0.14089593,possibly_new
2101,518,0.11523847,possibly_new
2102,391,0.12164506,possibly_new
2103,1918,0.1149405,possibly_new
2104,1294,0.13997735,possibly_new
2105,716,0.15704137,possibly_new
2106,646,0.14316475,possibly_new
2107,3823,0.13101594,possibly_new
2108,2515,0.13550435,possibly_new
2109,1045,0.15284261,possibly_new
2110,3657,0.14770384,possibly_new
2111,2992,0.14266606,possibly_new
2112,3359,0.13840577,possibly_new
2113,362,0.12732731,possibly_new
2114,1891,0.13190171,possibly_new
2115,2281,0.11499289,possibly_new
2116,1246,0.14125359,possibly_new
2117,1901,0.23555678,possibly_new
2118,2879,0.1121971,possibly_new
2119,714,0.14242695,possibly_new
2120,3325,0.1297698,possibly_new
2121,3383,0.14184114,possibly_new
2122,1776,0.118432954,possibly_new
2123,3703,0.125063,possibly_new
2124,1220,0.12198569,possibly_new
2125,2863,0.16000684,possibly_new
2126,3499,0.12882063,possibly_new
2127,2502,0.14655727,possibly_new
2128,2130,0.17529467,possibly_new
2129,3511,0.11472225,possibly_new
2130,626,0.1223425,possibly_new
2131,1506,0.47927612,possibly_new
2132,2001,0.15468465,possibly_new
2133,887,0.38150424,possibly_new
2134,4038,0.16364744,possibly_new
2135,3531,0.1389826,possibly_new
2136,654,0.12355813,possibly_new
2137,1515,0.14045347,possibly_new
2138,1979,0.18195984,possibly_new
2139,2259,0.13245934,possibly_new
2140,705,0.12072925,possibly_new
2141,4020,0.11514132,possibly_new
2142,3645,0.13086429,possibly_new
2143,695,0.15598068,possibly_new
2144,2275,0.13812134,possibly_new
2145,828,0.15847293,possibly_new
2146,442,0.15303448,possibly_new
2147,1363,0.1285555,possibly_new
2148,2415,0.14715843,possibly_new
2149,660,0.13146746,possibly_new
2150,3588,0.1311161,possibly_new
2151,2599,0.13096052,possibly_new
2152,13,0.12675014,possibly_new
2153,1073,0.12755485,possibly_new
2154,655,0.1342054,possibly_new
2155,196,0.17463909,possibly_new
2156,886,0.14868908,possibly_new
2157,1585,0.12544782,possibly_new
2158,944,0.12928994,possibly_new
2159,2659,0.11199327,possibly_new
2160,3067,0.11159812,possibly_new
2161,2291,0.2195678,possibly_new
2162,4067,0.12958668,possibly_new
2163,2076,0.1289634,possibly_new
2164,2860,0.1289025,possibly_new
2165,1106,0.15168184,possibly_new
2166,3320,0.12781595,possibly_new
2167,1564,0.13676119,possibly_new
2168,1666,0.12269539,possibly_new
2169,2361,0.1543672,possibly_new
2170,4084,0.12485229,possibly_new
2171,3341,0.13644849,possibly_new
2172,370,0.17283538,possibly_new
2173,141,0.11667352,possibly_new
2174,1101,0.1212261,possibly_new
2175,3171,0.1264057,possibly_new
2176,2004,0.11442964,possibly_new
2177,466,0.1127764,possibly_new
2178,1060,0.13666905,possibly_new
2179,642,0.12510005,possibly_new
2180,1478,0.12080774,possibly_new
2181,3207,0.13387464,possibly_new
2182,2807,0.117342606,possibly_new
2183,1025,0.1189858,possibly_new
2184,3889,0.71999925,shifted_from_baseline
2185,2029,0.13072251,possibly_new
2186,886,0.11370041,possibly_new
2187,2460,0.13881691,possibly_new
2188,441,0.117,possibly_new
2189,931,0.2012868,possibly_new
2190,384,0.20574519,possibly_new
2191,3287,0.13379838,possibly_new
2192,866,0.14118321,possibly_new
2193,609,0.13536684,possibly_new
2194,2837,0.14324439,possibly_new
2195,1915,0.13059051,possibly_new
2196,1333,0.12010366,possibly_new
2197,1779,0.15900283,possibly_new
2198,236,0.13468507,possibly_new
2199,1927,0.17198315,possibly_new
2200,3381,0.12917536,possibly_new
2201,1640,0.12695852,possibly_new
2202,2553,0.12390275,possibly_new
2203,2791,0.14484961,possibly_new
2204,3890,0.12865597,possibly_new
2205,2453,0.12952676,possibly_new
2206,761,0.13108009,possibly_new
2207,4076,0.13914537,possibly_new
2208,1712,0.1416472,possibly_new
2209,2789,0.13544257,possibly_new
2210,504,0.13911058,possibly_new
2211,1292,0.13196279,possibly_new
2212,3861,0.12686788,possibly_new
2213,3075,0.11200927,possibly_new
2214,2408,0.1937213,possibly_new
2215,390,0.12967245,possibly_new
2216,2643,0.1392653,possibly_new
2217,716,0.19136685,possibly_new
2218,1184,0.11512172,possibly_new
2219,1534,0.12187129,possibly_new
2220,2077,0.13495809,possibly_new
2221,3660,0.13932458,possibly_new
2222,3549,0.14438364,possibly_new
2223,2168,0.21496367,possibly_new
2224,1643,0.12347176,possibly_new
2225,3475,0.13112861,possibly_new
2226,322,0.14122678,possibly_new
2227,2638,0.15209252,possibly_new
2228,1589,0.11871049,possibly_new
2229,2271,0.124467,possibly_new
2230,745,0.12918809,possibly_new
2231,833,0.13084856,possibly_new
2232,3965,0.14630124,possibly_new
2233,1106,0.20428383,possibly_new
2234,2168,0.15825832,possibly_new
2235,373,0.1458677,possibly_new
2236,3797,0.13056114,possibly_new
2237,220,0.18771884,possibly_new
2238,417,0.13669628,possibly_new
2239,2107,0.13765326,possibly_new
2240,3191,0.12603329,possibly_new
2241,3373,0.14126675,possibly_new
2242,3512,0.11800129,possibly_new
2243,1435,0.13258007,possibly_new
2244,2785,0.114259005,possibly_new
2245,1476,0.1251875,possibly_new
2246,2900,0.12637982,possibly_new
2247,322,0.11496793,possibly_new
2248,801,0.13048866,possibly_new
2249,429,0.13245688,possibly_new
2250,1527,0.26170614,possibly_new
2251,404,0.14281414,possibly_new
2252,1576,0.4153797,possibly_new
2253,3873,0.114463605,possibly_new
2254,2105,0.11406668,possibly_new
2255,74,0.33343738,possibly_new
2256,422,0.12374739,possibly_new
2257,25,0.13747457,possibly_new
2258,2457,0.12656055,possibly_new
2259,1158,0.12410925,possibly_new
2260,3505,0.1523408,possibly_new
2261,2617,0.2360726,possibly_new
2262,4012,0.11548726,possibly_new
2263,1370,0.22854477,possibly_new
2264,3833,0.11072922,possibly_new
2265,3005,0.14702368,possibly_new
2266,2931,0.12453918,possibly_new
2267,1428,0.14176913,possibly_new
2268,4022,0.13647345,possibly_new
2269,3996,0.12645797,possibly_new
2270,3959,0.18795201,possibly_new
2271,325,0.11255534,possibly_new
2272,3315,0.12582871,possibly_new
2273,3735,0.17745309,possibly_new
2274,1473,0.1385664,possibly_new
2275,3889,0.16333449,possibly_new
2276,2924,0.14238518,possibly_new
2277,846,0.12848963,possibly_new
2278,592,0.1258179,possibly_new
2279,3516,0.14798284,possibly_new
2280,302,0.14188316,possibly_new
2281,1565,0.15229571,possibly_new
2282,1934,0.17487347,possibly_new
2283,2408,0.12917677,possibly_new
2284,3977,0.14405659,possibly_new
2285,2736,0.15497069,possibly_new
2286,2291,0.18781915,possibly_new
2287,3072,0.12956062,possibly_new
2288,1992,0.13527788,possibly_new
2289,24,0.13615277,possibly_new
2290,1134,0.13104388,possibly_new
2291,574,0.13365567,possibly_new
2292,275,0.14011383,possibly_new
2293,2131,0.123981565,possibly_new
2294,3874,0.1157457,possibly_new
2295,209,0.1344028,possibly_new
2296,1494,0.1156811,possibly_new
2297,1960,0.122906715,possibly_new
2298,2356,0.13828385,possibly_new
2299,11,0.117225334,possibly_new
2300,1929,0.12482822,possibly_new
2301,725,0.1292474,possibly_new
2302,3889,0.16197237,possibly_new
2303,998,0.11491355,possibly_new
2304,904,0.12690204,possibly_new
2305,1714,0.12733424,possibly_new
2306,1775,0.1582582,possibly_new
2307,3749,0.14101246,possibly_new
2308,4011,0.12799479,possibly_new
2309,1645,0.117586926,possibly_new
2310,1527,0.3073531,possibly_new
2311,868,0.14684328,possibly_new
2312,3401,0.1235537,possibly_new
2313,1732,0.12468919,possibly_new
2314,1266,0.35662723,possibly_new
2315,2992,0.13484427,possibly_new
2316,3334,0.17088011,possibly_new
2317,1562,0.13821746,possibly_new
2318,2047,0.12444816,possibly_new
2319,4086,0.12442673,possibly_new
2320,3257,0.1389191,possibly_new
2321,3911,0.14832641,possibly_new
2322,1604,0.3342474,possibly_new
2323,887,0.13784933,possibly_new
2324,2096,0.13116409,possibly_new
2325,3660,0.11835894,possibly_new
2326,215,0.12876801,possibly_new
2327,2860,0.14032872,possibly_new
2328,3365,0.11615513,possibly_new
2329,1701,0.14608374,possibly_new
2330,575,0.14307877,possibly_new
2331,627,0.14366476,possibly_new
2332,2476,0.12223608,possibly_new
2333,1798,0.13211992,possibly_new
2334,3713,0.12933196,possibly_new
2335,2399,0.13685465,possibly_new
2336,4017,0.15375173,possibly_new
2337,2160,0.12162374,possibly_new
2338,335,0.13487858,possibly_new
2339,1634,0.12336998,possibly_new
2340,1504,0.12746039,possibly_new
2341,1062,0.13757744,possibly_new
2342,796,0.14788157,possibly_new
2343,3889,0.15183331,possibly_new
2344,3016,0.13104716,possibly_new
2345,580,0.11643919,possibly_new
2346,3151,0.17286567,possibly_new
2347,1538,0.14392534,possibly_new
2348,3439,0.118769065,possibly_new
2349,2589,0.1468359,possibly_new
2350,699,0.13013113,possibly_new
2351,2783,0.16729856,possibly_new
2352,2365,0.11061323,possibly_new
2353,869,0.140998,possibly_new
2354,3759,0.12258776,possibly_new
2355,2143,0.11735741,possibly_new
2356,3448,0.12874766,possibly_new
2357,2300,0.15245034,possibly_new
2358,408,0.17025407,possibly_new
2359,52,0.1554011,possibly_new
2360,1415,0.15458068,possibly_new
2361,137,0.38446486,possibly_new
2362,3943,0.16713008,possibly_new
2363,3871,0.13094041,possibly_new
2364,3045,0.12676,possibly_new
2365,3529,0.14181583,possibly_new
2366,2563,0.13365571,possibly_new
2367,3218,0.15602139,possibly_new
2368,181,0.12571971,possibly_new
2369,889,0.16112666,possibly_new
2370,1371,0.11992848,possibly_new
2371,1370,0.35131174,possibly_new
2372,1876,0.15386796,possibly_new
2373,845,0.12102525,possibly_new
2374,3084,0.12823817,possibly_new
2375,2414,0.12764661,possibly_new
2376,2849,0.1291452,possibly_new
2377,4077,0.19826457,possibly_new
2378,3698,0.12836574,possibly_new
2379,1506,0.27914524,possibly_new
2380,3431,0.11571792,possibly_new
2381,256,0.13303417,possibly_new
2382,3490,0.11974621,possibly_new
2383,3383,0.14233668,possibly_new
2384,3387,0.123918995,possibly_new
2385,4020,0.1373324,possibly_new
2386,1457,0.13283929,possibly_new
2387,1277,0.15936834,possibly_new
2388,1512,0.14772597,possibly_new
2389,2538,0.18898039,possibly_new
2390,137,0.13058895,possibly_new
2391,1768,0.1422884,possibly_new
2392,3643,0.14192544,possibly_new
2393,2776,0.12226074,possibly_new
2394,2938,0.13579558,possibly_new
2395,562,0.11796424,possibly_new
2396,2335,0.14576478,possibly_new
2397,703,0.13968402,possibly_new
2398,2880,0.24877945,possibly_new
2399,2124,0.11820142,possibly_new
2400,3735,0.15944323,possibly_new
2401,3141,0.1328196,possibly_new
2402,477,0.14306076,possibly_new
2403,2113,0.14161056,possibly_new
2404,3033,0.115745366,possibly_new
2405,2860,0.13160089,possibly_new
2406,1903,0.13113421,possibly_new
2407,850,0.12398163,possibly_new
2408,1181,0.1420836,possibly_new
2409,192,0.12506351,possibly_new
2410,2288,0.13184676,possibly_new
2411,1555,0.16030824,possibly_new
2412,364,0.12186512,possibly_new
2413,3156,0.14775349,possibly_new
2414,3798,0.16478753,possibly_new
2415,409,0.12936318,possibly_new
2416,1044,0.11975387,possibly_new
2417,714,0.14535019,possibly_new
2418,1297,0.11939016,possibly_new
2419,3391,0.13189758,possibly_new
2420,3143,0.12101125,possibly_new
2421,3940,0.13475806,possibly_new
2422,684,0.13032416,possibly_new
2423,889,0.12889951,possibly_new
2424,2992,0.14413933,possibly_new
2425,1088,0.13044697,possibly_new
2426,301,0.22134186,possibly_new
2427,2360,0.14059326,possibly_new
2428,853,0.12699378,possibly_new
2429,3908,0.115075104,possibly_new
2430,3434,0.1362539,possibly_new
2431,540,0.13163131,possibly_new
2432,204,0.14037271,possibly_new
2433,3828,0.12232682,possibly_new
2434,2074,0.12800339,possibly_new
2435,1580,0.1232515,possibly_new
2436,895,0.11262986,possibly_new
2437,3959,0.14738224,possibly_new
2438,3551,0.20899433,possibly_new
2439,1217,0.22963078,possibly_new
2440,3572,0.12829843,possibly_new
2441,1594,0.20629421,possibly_new
2442,2617,0.28944427,possibly_new
2443,3889,0.44521153,possibly_new
2444,3799,0.12443885,possibly_new
2445,1262,0.14437224,possibly_new
2446,3657,0.13126975,possibly_new
2447,2408,0.14214781,possibly_new
2448,3281,0.137328,possibly_new
2449,1186,0.12706009,possibly_new
2450,3338,0.14879121,possibly_new
2451,868,0.111492425,possibly_new
2452,1816,0.14702904,possibly_new
2453,4011,0.30972093,possibly_new
2454,80,0.12296857,possibly_new
2455,1842,0.116370365,possibly_new
2456,3779,0.12583265,possibly_new
2457,3305,0.11792076,possibly_new
2458,1616,0.13028686,possibly_new
2459,2938,0.12912497,possibly_new
2460,709,0.1393849,possibly_new
2461,1553,0.11938471,possibly_new
2462,820,0.13806438,possibly_new
2463,3750,0.12569605,possibly_new
2464,2729,0.14006579,possibly_new
2465,3097,0.17271376,possibly_new
2466,1302,0.14470276,possibly_new
2467,663,0.12546796,possibly_new
2468,2865,0.12797484,possibly_new
2469,28,0.13006558,possibly_new
2470,854,0.12466185,possibly_new
2471,1495,0.14798115,possibly_new
2472,2957,0.1181159,possibly_new
2473,3432,0.13546449,possibly_new
2474,4063,0.15357226,possibly_new
2475,2104,0.14890048,possibly_new
2476,2826,0.13950644,possibly_new
2477,643,0.12613179,possibly_new
2478,586,0.14770839,possibly_new
2479,504,0.117351495,possibly_new
2480,2162,0.22343582,possibly_new
2481,2034,0.1252692,possibly_new
2482,2871,0.14577502,possibly_new
2483,1237,0.14418238,possibly_new
2484,348,0.14119314,possibly_new
2485,2846,0.13070509,possibly_new
2486,1050,0.12201746,possibly_new
2487,26,0.11204167,possibly_new
2488,2107,0.16172893,possibly_new
2489,820,0.13367914,possibly_new
2490,3539,0.1334966,possibly_new
2491,1139,0.12838896,possibly_new
2492,2076,0.13138205,possibly_new
2493,2568,0.114641905,possibly_new
2494,1338,0.11746437,possibly_new
2495,4020,0.15050465,possibly_new
2496,3259,0.12126728,possibly_new
2497,2212,0.12906459,possibly_new
2498,3083,0.12311983,possibly_new
2499,578,0.16434102,possibly_new
2500,3985,0.124917604,possibly_new
2501,1527,0.23871818,possibly_new
2502,1979,0.13793063,possibly_new
2503,2021,0.16522607,possibly_new
2504,3952,0.11684988,possibly_new
2505,3735,0.29579934,possibly_new
2506,3812,0.13970035,possibly_new
2507,1989,0.12787867,possibly_new
2508,3120,0.13630535,possibly_new
2509,1443,0.13068837,possibly_new
2510,1494,0.12372197,possibly_new
2511,2468,0.1427667,possibly_new
2512,2620,0.11977413,possibly_new
2513,1453,0.13088621,possibly_new
2514,2880,0.33791053,possibly_new
2515,844,0.13335022,possibly_new
2516,3473,0.13408202,possibly_new
2517,3837,0.13144,possibly_new
2518,75,0.11520617,possibly_new
2519,1908,0.13220459,possibly_new
2520,2485,0.15252404,possibly_new
2521,1646,0.12932229,possibly_new
2522,4091,0.12178573,possibly_new
2523,1314,0.15018292,possibly_new
2524,1623,0.121230006,possibly_new
2525,1527,0.15942958,possibly_new
2526,1654,0.12571798,possibly_new
2527,716,0.22635894,possibly_new
2528,637,0.12581538,possibly_new
2529,3183,0.14625439,possibly_new
2530,2700,0.12092856,possibly_new
2531,2546,0.12511307,possibly_new
2532,556,0.1233223,possibly_new
2533,3529,0.1343222,possibly_new
2534,2724,0.14073789,possibly_new
2535,1649,0.14102118,possibly_new
2536,3075,0.13130596,possibly_new
2537,3990,0.12866025,possibly_new
2538,524,0.13015383,possibly_new
2539,916,0.1227075,possibly_new
2540,1685,0.18085617,possibly_new
2541,1868,0.13532019,possibly_new
2542,3291,0.1444588,possibly_new
2543,1507,0.119675174,possibly_new
2544,1107,0.12039779,possibly_new
2545,3335,0.12861387,possibly_new
2546,1506,0.25282812,possibly_new
2547,2990,0.14079225,possibly_new
2548,1504,0.11429618,possibly_new
2549,2109,0.12829249,possibly_new
2550,2567,0.13710153,possibly_new
2551,696,0.20025182,possibly_new
2552,1506,0.21987697,possibly_new
2553,3872,0.13163692,possibly_new
2554,146,0.13361168,possibly_new
2555,572,0.12677641,possibly_new
2556,937,0.120726936,possibly_new
2557,1146,0.13085175,possibly_new
2558,1165,0.13149904,possibly_new
2559,570,0.13920419,possibly_new
2560,4018,0.15049064,possibly_new
2561,1882,0.13827366,possibly_new
2562,2506,0.146707,possibly_new
2563,2682,0.1468733,possibly_new
2564,304,0.13425958,possibly_new
2565,2031,0.12225449,possibly_new
2566,18,0.14182614,possibly_new
2567,1155,0.13117757,possibly_new
2568,661,0.1233868,possibly_new
2569,2695,0.1294227,possibly_new
2570,2136,0.14490117,possibly_new
2571,2070,0.13058569,possibly_new
2572,767,0.12815908,possibly_new
2573,2487,0.12488009,possibly_new
2574,1818,0.13576263,possibly_new
2575,244,0.18651904,possibly_new
2576,1660,0.121291414,possibly_new
2577,1754,0.13420402,possibly_new
2578,1038,0.11969445,possibly_new
2579,2408,0.27454752,possibly_new
2580,1127,0.14646485,possibly_new
2581,2705,0.23218428,possibly_new
2582,537,0.12757364,possibly_new
2583,1435,0.12362704,possibly_new
2584,3995,0.11701165,possibly_new
2585,3649,0.13219693,possibly_new
2586,2130,0.16889884,possibly_new
2587,2288,0.1270442,possibly_new
2588,1678,0.1386826,possibly_new
2589,1138,0.1269357,possibly_new
2590,1527,0.1276965,possibly_new
2591,1047,0.12942345,possibly_new
2592,780,0.11695904,possibly_new
2593,137,0.1918559,possibly_new
2594,1006,0.13666205,possibly_new
2595,946,0.12875116,possibly_new
2596,60,0.12859784,possibly_new
2597,3016,0.12852587,possibly_new
2598,1611,0.13395531,possibly_new
2599,1752,0.13179286,possibly_new
2600,3999,0.12616129,possibly_new
2601,2072,0.118108094,possibly_new
2602,3239,0.13598502,possibly_new
2603,45,0.12968323,possibly_new
2604,1478,0.12057172,possibly_new
2605,584,0.1297992,possibly_new
2606,1205,0.14941774,possibly_new
2607,2915,0.122971795,possibly_new
2608,3919,0.12987539,possibly_new
2609,2110,0.13137782,possibly_new
2610,2821,0.16665426,possibly_new
2611,2796,0.11451574,possibly_new
2612,1411,0.12590696,possibly_new
2613,146,0.12613411,possibly_new
2614,3473,0.12734607,possibly_new
2615,3580,0.1361586,possibly_new
2616,3322,0.111522146,possibly_new
2617,3201,0.120255634,possibly_new
2618,1051,0.12934814,possibly_new
2619,686,0.11930389,possibly_new
2620,2401,0.14930837,possibly_new
2621,1901,0.22594512,possibly_new
2622,3729,0.3379364,possibly_new
2623,2524,0.117775775,possibly_new
2624,2272,0.13678484,possibly_new
2625,2705,0.19765508,possibly_new
2626,545,0.16765009,possibly_new
2627,3921,0.21499376,possibly_new
2628,3117,0.16676062,possibly_new
2629,1797,0.13553336,possibly_new
2630,3099,0.13621834,possibly_new
2631,760,0.11332598,possibly_new
2632,3762,0.12786753,possibly_new
2633,2969,0.12544903,possibly_new
2634,796,0.12707165,possibly_new
2635,3001,0.12423077,possibly_new
2636,364,0.12612714,possibly_new
2637,2433,0.13363324,possibly_new
2638,1278,0.13402165,possibly_new
2639,2292,0.1269359,possibly_new
2640,223,0.12381346,possibly_new
2641,1531,0.1475656,possibly_new
2642,3380,0.14428252,possibly_new
2643,1934,0.28140545,possibly_new
2644,2335,0.12511262,possibly_new
2645,2168,0.2395739,possibly_new
2646,3425,0.13660774,possibly_new
2647,2497,0.13541052,possibly_new
2648,2049,0.14210252,possibly_new
2649,1031,0.11744374,possibly_new
2650,1271,0.12475533,possibly_new
2651,142,0.13365944,possibly_new
2652,301,0.117309175,possibly_new
2653,3401,0.1314397,possibly_new
2654,398,0.1253694,possibly_new
2655,214,0.13135388,possibly_new
2656,2685,0.11294117,possibly_new
2657,1601,0.14417416,possibly_new
2658,13,0.15719706,possibly_new
2659,3947,0.12693465,possibly_new
2660,2408,0.13450973,possibly_new
2661,1578,0.14010209,possibly_new
2662,1380,0.12484723,possibly_new
2663,3584,0.11906164,possibly_new
2664,137,0.12661687,possibly_new
2665,1920,0.15712908,possibly_new
2666,706,0.11240572,possibly_new
2667,1057,0.12087185,possibly_new
2668,1131,0.12003996,possibly_new
2669,3620,0.13396324,possibly_new
2670,2636,0.14067224,possibly_new
2671,921,0.15065113,possibly_new
2672,3889,0.21248719,possibly_new
2673,3977,0.1383707,possibly_new
2674,2868,0.13992012,possibly_new
2675,3054,0.1139006,possibly_new
2676,1158,0.13922513,possibly_new
2677,2090,0.14315796,possibly_new
2678,1576,0.16294459,possibly_new
2679,2691,0.14023486,possibly_new
2680,2774,0.122809,possibly_new
2681,1404,0.13920999,possibly_new
2682,2464,0.14645562,possibly_new
2683,137,0.45092005,possibly_new
2684,3518,0.13881803,possibly_new
2685,1212,0.14325282,possibly_new
2686,3735,0.14240012,possibly_new
2687,2455,0.13691562,possibly_new
2688,3833,0.13858461,possibly_new
2689,2257,0.12002058,possibly_new
2690,2139,0.15358818,possibly_new
2691,3904,0.15308565,possibly_new
2692,2322,0.12207025,possibly_new
2693,132,0.13263518,possibly_new
2694,437,0.12129712,possibly_new
2695,3181,0.11390933,possibly_new
2696,2794,0.12975909,possibly_new
2697,963,0.13373426,possibly_new
2698,1725,0.1392833,possibly_new
2699,219,0.12033435,possibly_new
2700,3344,0.13360943,possibly_new
2701,2902,0.14180486,possibly_new
2702,1477,0.12582543,possibly_new
2703,530,0.12890854,possibly_new
2704,3423,0.115898445,possibly_new
2705,2773,0.118964076,possibly_new
2706,550,0.14935365,possibly_new
2707,3045,0.1278131,possibly_new
2708,1592,0.14072575,possibly_new
2709,2863,0.14059898,possibly_new
2710,2804,0.119256094,possibly_new
2711,3572,0.12993346,possibly_new
2712,3377,0.15566637,possibly_new
2713,1282,0.13678595,possibly_new
2714,882,0.14858645,possibly_new
2715,3181,0.12748739,possibly_new
2716,1203,0.11999811,possibly_new
2717,1078,0.14050789,possibly_new
2718,3258,0.13101467,possibly_new
2719,2713,0.14496149,possibly_new
2720,1725,0.13242589,possibly_new
2721,3003,0.124312595,possibly_new
2722,2703,0.1564179,possibly_new
2723,2362,0.115729585,possibly_new
2724,3260,0.19232313,possibly_new
2725,3735,0.19496867,possibly_new
2726,660,0.115899175,possibly_new
2727,2251,0.1360455,possibly_new
2728,1967,0.13119856,possibly_new
2729,652,0.15210986,possibly_new
2730,2990,0.1343183,possibly_new
2731,1054,0.12700297,possibly_new
2732,1842,0.1189976,possibly_new
2733,60,0.12326299,possibly_new
2734,367,0.14565486,possibly_new
2735,3765,0.116659746,possibly_new
2736,108,0.12621479,possibly_new
2737,3928,0.12242061,possibly_new
2738,165,0.14353196,possibly_new
2739,3304,0.12817183,possibly_new
2740,631,0.13107352,possibly_new
2741,3710,0.12134626,possibly_new
2742,2867,0.14014983,possibly_new
2743,236,0.122651614,possibly_new
2744,58,0.18353918,possibly_new
2745,1557,0.11517537,possibly_new
2746,2450,0.12841184,possibly_new
2747,3777,0.17031293,possibly_new
2748,2712,0.124977134,possibly_new
2749,499,0.13571149,possibly_new
2750,3348,0.11337673,possibly_new
2751,12,0.13781197,possibly_new
2752,2666,0.12216149,possibly_new
2753,2053,0.15200374,possibly_new
2754,1264,0.13766468,possibly_new
2755,3964,0.11464788,possibly_new
2756,3943,0.13048089,possibly_new
2757,1997,0.12852557,possibly_new
2758,2360,0.14003909,possibly_new
2759,2910,0.11838607,possibly_new
2760,1021,0.13858727,possibly_new
2761,2791,0.20277582,possibly_new
2762,3889,0.28114063,possibly_new
2763,3413,0.13204691,possibly_new
2764,740,0.16342787,possibly_new
2765,3861,0.14161137,possibly_new
2766,2351,0.13742027,possibly_new
2767,1037,0.13025418,possibly_new
2768,3798,0.12605003,possibly_new
2769,1163,0.14004898,possibly_new
2770,277,0.13851705,possibly_new
2771,261,0.12322612,possibly_new
2772,3978,0.13555765,possibly_new
2773,1875,0.15549946,possibly_new
2774,3924,0.13235617,possibly_new
2775,2408,0.15960541,possibly_new
2776,725,0.110204965,possibly_new
2777,456,0.12353767,possibly_new
2778,590,0.13035882,possibly_new
2779,1963,0.123327024,possibly_new
2780,2972,0.1297526,possibly_new
2781,3360,0.11710572,possibly_new
2782,2488,0.13076319,possibly_new
2783,2701,0.122795925,possibly_new
2784,760,0.121766865,possibly_new
2785,1738,0.1357902,possibly_new
2786,1587,0.12306234,possibly_new
2787,475,0.19473226,possibly_new
2788,1576,0.18803999,possibly_new
2789,2645,0.15459052,possibly_new
2790,3888,0.16290069,possibly_new
2791,1277,0.1318881,possibly_new
2792,3419,0.11063435,possibly_new
2793,253,0.13262112,possibly_new
2794,2791,0.17631105,possibly_new
2795,3540,0.12887877,possibly_new
2796,2911,0.12430057,possibly_new
2797,2917,0.1187868,possibly_new
2798,3889,0.18043736,possibly_new
2799,2408,0.25625163,possibly_new
2800,1689,0.123621956,possibly_new
2801,797,0.12025316,possibly_new
2802,662,0.13222791,possibly_new
2803,2306,0.11536387,possibly_new
2804,2834,0.11948416,possibly_new
2805,2736,0.12808624,possibly_new
2806,395,0.14361872,possibly_new
2807,3963,0.13992645,possibly_new
2808,1506,0.1530924,possibly_new
2809,1147,0.16564777,possibly_new
2810,301,0.24772021,possibly_new
2811,3188,0.13212107,possibly_new
2812,3681,0.14064267,possibly_new
2813,676,0.146584,possibly_new
2814,1159,0.13240239,possibly_new
2815,1820,0.13403882,possibly_new
2816,3695,0.14716472,possibly_new
2817,1234,0.12618004,possibly_new
2818,470,0.121316165,possibly_new
2819,3814,0.14694111,possibly_new
2820,3950,0.13640258,possibly_new
2821,247,0.11859888,possibly_new
2822,1324,0.12757522,possibly_new
2823,2244,0.17372641,possibly_new
2824,3141,0.12368863,possibly_new
2825,1307,0.13259956,possibly_new
2826,660,0.115997806,possibly_new
2827,3889,0.1421966,possibly_new
2828,1398,0.13023499,possibly_new
2829,3170,0.13860174,possibly_new
2830,112,0.1279065,possibly_new
2831,3318,0.12883273,possibly_new
2832,2305,0.110128075,possibly_new
2833,1940,0.13075167,possibly_new
2834,2988,0.1285341,possibly_new
2835,1307,0.124413,possibly_new
2836,1752,0.16094227,possibly_new
2837,1368,0.12686013,possibly_new
2838,2953,0.13635878,possibly_new
2839,2705,0.251788,possibly_new
2840,3551,0.11264157,possibly_new
2841,2880,0.16149609,possibly_new
2842,1929,0.1488531,possibly_new
2843,1194,0.13154912,possibly_new
2844,40,0.14951813,possibly_new
2845,2907,0.12934813,possibly_new
2846,3995,0.12595078,possibly_new
2847,4088,0.19497494,possibly_new
2848,819,0.13093932,possibly_new
2849,1657,0.11693697,possibly_new
2850,2972,0.17053092,possibly_new
2851,2123,0.21342292,possibly_new
2852,3901,0.13053903,possibly_new
2853,3335,0.20963153,possibly_new
2854,2955,0.18298069,possibly_new
2855,20,0.11446304,possibly_new
2856,556,0.14277422,possibly_new
2857,716,0.17844233,possibly_new
2858,1689,0.1490664,possibly_new
2859,2377,0.1172217,possibly_new
2860,2746,0.1256421,possibly_new
2861,1619,0.12290646,possibly_new
2862,3959,0.15784213,possibly_new
2863,22,0.12847699,possibly_new
2864,1198,0.14109395,possibly_new
2865,3434,0.11761982,possibly_new
2866,4038,0.19086687,possibly_new
2867,492,0.11526462,possibly_new
2868,3663,0.12380132,possibly_new
2869,593,0.12311045,possibly_new
2870,1125,0.11563783,possibly_new
2871,2390,0.16086544,possibly_new
2872,2566,0.29161286,possibly_new
2873,2408,0.1658648,possibly_new
2874,3660,0.11152347,possibly_new
2875,395,0.16348845,possibly_new
2876,3735,0.21002242,possibly_new
2877,3913,0.13211167,possibly_new
2878,143,0.14020507,possibly_new
2879,1976,0.1238161,possibly_new
2880,3784,0.21528137,possibly_new
2881,2742,0.13017268,possibly_new
2882,3024,0.13244486,possibly_new
2883,1389,0.1293532,possibly_new
2884,2722,0.12492424,possibly_new
2885,1542,0.13923873,possibly_new
2886,2408,0.27045795,possibly_new
2887,2992,0.29686147,possibly_new
2888,2596,0.11011845,possibly_new
2889,931,0.15439704,possibly_new
2890,2420,0.12431897,possibly_new
2891,1451,0.15376541,possibly_new
2892,2897,0.11978601,possibly_new
2893,2617,0.2871139,possibly_new
2894,2872,0.11958827,possibly_new
2895,2647,0.13908154,possibly_new
2896,975,0.13007337,possibly_new
2897,1863,0.114561796,possibly_new
2898,2336,0.1367645,possibly_new
2899,1983,0.12918797,possibly_new
2900,1842,0.12432109,possibly_new
2901,844,0.12379664,possibly_new
2902,3415,0.14424269,possibly_new
2903,2104,0.19521096,possibly_new
2904,3543,0.14492923,possibly_new
2905,3028,0.22614595,possibly_new
2906,434,0.2047052,possibly_new
2907,131,0.12604165,possibly_new
2908,1494,0.12021424,possibly_new
2909,78,0.12734932,possibly_new
2910,3333,0.16802126,possibly_new
2911,21,0.1312061,possibly_new
2912,3889,0.1942868,possibly_new
2913,1830,0.12276593,possibly_new
2914,2169,0.14120716,possibly_new
2915,1506,0.22769684,possibly_new
2916,3679,0.14011006,possibly_new
2917,129,0.16774875,possibly_new
2918,3434,0.124667294,possibly_new
2919,4078,0.1323466,possibly_new
2920,923,0.12275043,possibly_new
2921,3287,0.13300885,possibly_new
2922,664,0.15314859,possibly_new
2923,2372,0.13175717,possibly_new
2924,440,0.1234142,possibly_new
2925,3889,0.15630737,possibly_new
2926,1527,0.13244776,possibly_new
2927,1756,0.13708597,possibly_new
2928,2233,0.11663419,possibly_new
2929,2598,0.13068438,possibly_new
2930,1727,0.14973113,possibly_new
2931,2959,0.12354574,possibly_new
2932,1461,0.120588906,possibly_new
2933,3861,0.13160697,possibly_new
2934,2233,0.13254166,possibly_new
2935,3072,0.14049974,possibly_new
2936,3039,0.10998041,possibly_new
2937,294,0.12090811,possibly_new
2938,538,0.11625464,possibly_new
2939,3361,0.14790216,possibly_new
2940,3556,0.1350161,possibly_new
2941,2278,0.11898092,possibly_new
2942,2535,0.1264028,possibly_new
2943,2135,0.111120425,possibly_new
2944,3052,0.123789065,possibly_new
2945,2206,0.158998,possibly_new
2946,2102,0.15871942,possibly_new
2947,1273,0.1179914,possibly_new
2948,2374,0.1251311,possibly_new
2949,1854,0.1399487,possibly_new
2950,812,0.14838868,possibly_new
2951,1970,0.12857093,possibly_new
2952,3737,0.13293183,possibly_new
2953,3884,0.12829268,possibly_new
2954,2880,0.17773966,possibly_new
2955,1541,0.13195027,possibly_new
2956,1492,0.15095305,possibly_new
2957,449,0.11436138,possibly_new
2958,13,0.11393602,possibly_new
2959,2121,0.13770825,possibly_new
2960,2633,0.30181143,possibly_new
2961,1450,0.11945229,possibly_new
2962,1470,0.117437914,possibly_new
2963,255,0.1400063,possibly_new
2964,2173,0.1364158,possibly_new
2965,727,0.1213195,possibly_new
2966,88,0.14847979,possibly_new
2967,3129,0.1448184,possibly_new
2968,2119,0.12561671,possibly_new
2969,290,0.34604084,possibly_new
2970,1868,0.14094308,possibly_new
2971,1580,0.13654962,possibly_new
2972,1639,0.13528483,possibly_new
2973,2993,0.116373986,possibly_new
2974,841,0.12249082,possibly_new
2975,656,0.13945861,possibly_new
2976,775,0.13267066,possibly_new
2977,2257,0.12399118,possibly_new
2978,588,0.12513322,possibly_new
2979,3504,0.12138598,possibly_new
2980,796,0.12602374,possibly_new
2981,1081,0.120188795,possibly_new
2982,1851,0.14930174,possibly_new
2983,930,0.11525629,possibly_new
2984,2660,0.120231524,possibly_new
2985,2474,0.126731,possibly_new
2986,2891,0.1236865,possibly_new
2987,670,0.122386724,possibly_new
2988,3969,0.13488793,possibly_new
2989,2865,0.14288089,possibly_new
2990,387,0.21482629,possibly_new
2991,3924,0.13220687,possibly_new
2992,2668,0.1511825,possibly_new
2993,1875,0.18649924,possibly_new
2994,733,0.1242813,possibly_new
2995,1726,0.13248721,possibly_new
2996,2887,0.12547323,possibly_new
2997,209,0.14260176,possibly_new
2998,954,0.1503137,possibly_new
2999,2224,0.11330822,possibly_new
3000,3558,0.11569277,possibly_new
3001,2079,0.16089642,possibly_new
3002,2946,0.11760639,possibly_new
3003,60,0.14315689,possibly_new
3004,295,0.1845607,possibly_new
3005,2936,0.13701253,possibly_new
3006,3316,0.13112436,possibly_new
3007,2093,0.112149626,possibly_new
3008,1151,0.11691138,possibly_new
3009,1017,0.12969258,possibly_new
3010,3769,0.14352673,possibly_new
3011,1991,0.1408322,possibly_new
3012,2633,0.16860482,possibly_new
3013,1880,0.14697129,possibly_new
3014,167,0.1318791,possibly_new
3015,1255,0.14928171,possibly_new
3016,3197,0.13513592,possibly_new
3017,500,0.12869495,possibly_new
3018,3942,0.13667735,possibly_new
3019,1842,0.25296676,possibly_new
3020,539,0.115991265,possibly_new
3021,155,0.14230981,possibly_new
3022,1090,0.13956629,possibly_new
3023,2378,0.16740817,possibly_new
3024,1849,0.1284522,possibly_new
3025,3445,0.13928163,possibly_new
3026,2232,0.14235681,possibly_new
3027,3313,0.11760356,possibly_new
3028,2693,0.12756154,possibly_new
3029,3852,0.121848226,possibly_new
3030,1147,0.18663919,possibly_new
3031,2848,0.12946855,possibly_new
3032,2421,0.1518122,possibly_new
3033,1819,0.12382594,possibly_new
3034,909,0.13269776,possibly_new
3035,1728,0.13440113,possibly_new
3036,109,0.12394692,possibly_new
3037,3173,0.13595165,possibly_new
3038,2782,0.1425128,possibly_new
3039,1212,0.14313318,possibly_new
3040,193,0.12566572,possibly_new
3041,3943,0.13645726,possibly_new
3042,4032,0.13058843,possibly_new
3043,4072,0.12676048,possibly_new
3044,2632,0.1421794,possibly_new
3045,372,0.12363185,possibly_new
3046,532,0.13796586,possibly_new
3047,3178,0.124310106,possibly_new
3048,1565,0.21351004,possibly_new
3049,1407,0.12335492,possibly_new
3050,1147,0.19724621,possibly_new
3051,2102,0.13466188,possibly_new
3052,949,0.12551916,possibly_new
3053,1576,0.22013095,possibly_new
3054,1282,0.13781062,possibly_new
3055,137,0.6079861,shifted_from_baseline
3056,1656,0.12754378,possibly_new
3057,3131,0.12922058,possibly_new
3058,3562,0.13267216,possibly_new
3059,1977,0.12439731,possibly_new
3060,2984,0.22409919,possibly_new
3061,167,0.25149214,possibly_new
3062,3813,0.13603348,possibly_new
3063,1293,0.126629,possibly_new
3064,3480,0.14614338,possibly_new
3065,2262,0.28292078,possibly_new
3066,1497,0.112801924,possibly_new
3067,1817,0.13878655,possibly_new
3068,331,0.12256556,possibly_new
3069,745,0.15086925,possibly_new
3070,2150,0.35863662,possibly_new
3071,1256,0.2579722,possibly_new
3072,1924,0.15044335,possibly_new
3073,1760,0.12283859,possibly_new
3074,938,0.12318863,possibly_new
3075,1530,0.14033745,possibly_new
3076,1117,0.123417884,possibly_new
3077,722,0.12511788,possibly_new
3078,1551,0.13058887,possibly_new
3079,1624,0.1383121,possibly_new
3080,2800,0.12709463,possibly_new
3081,2662,0.12868176,possibly_new
3082,2174,0.14470303,possibly_new
3083,916,0.14078753,possibly_new
3084,3249,0.13948551,possibly_new
3085,3366,0.11161198,possibly_new
3086,3551,0.133816,possibly_new
3087,1267,0.12671912,possibly_new
3088,299,0.12627688,possibly_new
3089,2366,0.13428274,possibly_new
3090,2347,0.15364784,possibly_new
3091,2827,0.14115041,possibly_new
3092,61,0.12120703,possibly_new
3093,712,0.1434402,possibly_new
3094,3190,0.13128501,possibly_new
3095,439,0.13530812,possibly_new
3096,344,0.34575313,possibly_new
3097,496,0.13131969,possibly_new
3098,2180,0.113020204,possibly_new
3099,1352,0.113943465,possibly_new
3100,3133,0.13627827,possibly_new
3101,2653,0.119056545,possibly_new
3102,356,0.12656944,possibly_new
3103,2143,0.14811912,possibly_new
3104,1562,0.1298264,possibly_new
3105,1762,0.121372715,possibly_new
3106,2650,0.13253766,possibly_new
3107,34,0.13647354,possibly_new
3108,2069,0.12930796,possibly_new
3109,3578,0.12514177,possibly_new
3110,3722,0.12673458,possibly_new
3111,2010,0.12434323,possibly_new
3112,1679,0.112460986,possibly_new
3113,844,0.14691827,possibly_new
3114,2403,0.1249027,possibly_new
3115,4079,0.12062915,possibly_new
3116,1527,0.28105578,possibly_new
3117,3889,0.16011599,possibly_new
3118,370,0.19392155,possibly_new
3119,3258,0.14987916,possibly_new
3120,1561,0.13082041,possibly_new
3121,3859,0.13642696,possibly_new
3122,2737,0.17583846,possibly_new
3123,2306,0.12148994,possibly_new
3124,1773,0.14735803,possibly_new
3125,1183,0.12590419,possibly_new
3126,1572,0.12899455,possibly_new
3127,2546,0.13899848,possibly_new
3128,2422,0.14188269,possibly_new
3129,716,0.14222237,possibly_new
3130,27,0.13186222,possibly_new
3131,798,0.12893957,possibly_new
3132,716,0.20851229,possibly_new
3133,1077,0.11596856,possibly_new
3134,1893,0.15014553,possibly_new
3135,1013,0.12567464,possibly_new
3136,3154,0.13765498,possibly_new
3137,823,0.1384849,possibly_new
3138,2293,0.12311637,possibly_new
3139,1752,0.19339605,possibly_new
3140,4006,0.128803,possibly_new
3141,3220,0.13779032,possibly_new
3142,3353,0.123850375,possibly_new
3143,2860,0.2241061,possibly_new
3144,1452,0.1528245,possibly_new
3145,2273,0.13619214,possibly_new
3146,2313,0.11253987,possibly_new
3147,1127,0.14292526,possibly_new
3148,2432,0.12357874,possibly_new
3149,1788,0.12603009,possibly_new
3150,1142,0.13550663,possibly_new
3151,1426,0.123645216,possibly_new
3152,58,0.12624367,possibly_new
3153,2398,0.16576341,possibly_new
3154,1875,0.29454204,possibly_new
3155,2708,0.12557808,possibly_new
3156,3275,0.12514426,possibly_new
3157,2249,0.14932501,possibly_new
3158,475,0.2919582,possibly_new
3159,4009,0.1299814,possibly_new
3160,2544,0.12431793,possibly_new
3161,1087,0.12602222,possibly_new
3162,3943,0.12065555,possibly_new
3163,3103,0.112934455,possibly_new
3164,1063,0.13959372,possibly_new
3165,2953,0.14442627,possibly_new
3166,3039,0.14149016,possibly_new
3167,1311,0.14654213,possibly_new
3168,1625,0.13352405,possibly_new
3169,3270,0.1383924,possibly_new
3170,3880,0.1245894,possibly_new
3171,3462,0.14201039,possibly_new
3172,1727,0.12943776,possibly_new
3173,2254,0.11549592,possibly_new
3174,1783,0.124509946,possibly_new
3175,2940,0.13730416,possibly_new
3176,1563,0.1238604,possibly_new
3177,3429,0.12987627,possibly_new
3178,3468,0.13768022,possibly_new
3179,1959,0.13970925,possibly_new
3180,2618,0.13737768,possibly_new
3181,1576,0.20393017,possibly_new
3182,2083,0.13667226,possibly_new
3183,3615,0.14922595,possibly_new
3184,1443,0.13617638,possibly_new
3185,334,0.12434694,possibly_new
3186,3305,0.13253835,possibly_new
3187,3505,0.4157582,possibly_new
3188,2100,0.10931964,possibly_new
3189,4031,0.15630408,possibly_new
3190,2538,0.14855503,possibly_new
3191,508,0.13333154,possibly_new
3192,2105,0.13676158,possibly_new
3193,627,0.15741052,possibly_new
3194,1229,0.123511024,possibly_new
3195,58,0.16242896,possibly_new
3196,3065,0.13154072,possibly_new
3197,4008,0.15242329,possibly_new
3198,735,0.12804157,possibly_new
3199,1465,0.12076352,possibly_new
3200,293,0.12856421,possibly_new
3201,3915,0.16451311,possibly_new
3202,2519,0.13192374,possibly_new
3203,1821,0.12788604,possibly_new
3204,2398,0.1459315,possibly_new
3205,401,0.12678571,possibly_new
3206,2998,0.12349173,possibly_new
3207,3889,0.28231984,possibly_new
3208,3670,0.13564083,possibly_new
3209,1707,0.15786356,possibly_new
3210,3719,0.19872096,possibly_new
3211,3801,0.12673102,possibly_new
3212,1387,0.13640627,possibly_new
3213,4090,0.1301116,possibly_new
3214,2705,0.24326847,possibly_new
3215,2722,0.12501478,possibly_new
3216,3938,0.13301465,possibly_new
3217,2695,0.25184882,possibly_new
3218,3251,0.13412479,possibly_new
3219,1139,0.26749063,possibly_new
3220,471,0.22985008,possibly_new
3221,1584,0.13938472,possibly_new
3222,2961,0.13018149,possibly_new
3223,2685,0.14955774,possibly_new
3224,1514,0.11611959,possibly_new
3225,2428,0.13949335,possibly_new
3226,781,0.16171771,possibly_new
3227,3105,0.12885642,possibly_new
3228,2391,0.11649629,possibly_new
3229,2955,0.1797396,possibly_new
3230,3784,0.13941076,possibly_new
3231,173,0.1633448,possibly_new
3232,1377,0.17736214,possibly_new
3233,210,0.1266135,possibly_new
3234,381,0.14777268,possibly_new
3235,3959,0.27690482,possibly_new
3236,3970,0.35202277,possibly_new
3237,2408,0.23274523,possibly_new
3238,1562,0.14098659,possibly_new
3239,991,0.14256078,possibly_new
3240,2100,0.1292684,possibly_new
3241,3386,0.13251202,possibly_new
3242,804,0.1433279,possibly_new
3243,825,0.14399841,possibly_new
3244,3892,0.14904517,possibly_new
3245,1096,0.13857836,possibly_new
3246,3554,0.13600174,possibly_new
3247,4000,0.1361153,possibly_new
3248,809,0.1226462,possibly_new
3249,2566,0.13079089,possibly_new
3250,2637,0.11665441,possibly_new
3251,2411,0.12367687,possibly_new
3252,1994,0.14051308,possibly_new
3253,4075,0.3121398,possibly_new
3254,502,0.123417854,possibly_new
3255,1842,0.15550098,possibly_new
3256,3030,0.1393681,possibly_new
3257,966,0.16174334,possibly_new
3258,1912,0.14846952,possibly_new
3259,2301,0.12010063,possibly_new
3260,1166,0.12625748,possibly_new
3261,2960,0.13175744,possibly_new
3262,3655,0.20176786,possibly_new
3263,2043,0.12401825,possibly_new
3264,3757,0.12563522,possibly_new
3265,3645,0.134401,possibly_new
3266,1434,0.12687753,possibly_new
3267,3342,0.12218051,possibly_new
3268,330,0.1966112,possibly_new
3269,1471,0.12206969,possibly_new
3270,3941,0.12814277,possibly_new
3271,2620,0.1852198,possibly_new
3272,4044,0.124189526,possibly_new
3273,3079,0.13493875,possibly_new
3274,2293,0.12621102,possibly_new
3275,660,0.14177243,possibly_new
3276,167,0.2130731,possibly_new
3277,3889,0.19364625,possibly_new
3278,2260,0.13184807,possibly_new
3279,3100,0.132069,possibly_new
3280,2378,0.17350915,possibly_new
3281,1694,0.1244844,possibly_new
3282,2625,0.112997554,possibly_new
3283,2748,0.13692456,possibly_new
3284,1662,0.13784632,possibly_new
3285,3601,0.11687934,possibly_new
3286,2407,0.13553979,possibly_new
3287,2193,0.13389854,possibly_new
3288,2934,0.12724918,possibly_new
3289,3703,0.13730237,possibly_new
3290,1232,0.1226299,possibly_new
3291,1495,0.13933814,possibly_new
3292,3269,0.15042183,possibly_new
3293,3729,0.11884897,possibly_new
3294,2653,0.14004059,possibly_new
3295,3016,0.1430996,possibly_new
3296,1055,0.1317404,possibly_new
3297,1023,0.13939634,possibly_new
3298,1610,0.1410213,possibly_new
3299,197,0.121388756,possibly_new
3300,2729,0.13375172,possibly_new
3301,3889,0.19966832,possibly_new
3302,1000,0.13825187,possibly_new
3303,1499,0.1361558,possibly_new
3304,3966,0.12855822,possibly_new
3305,2899,0.12351993,possibly_new
3306,2802,0.12523681,possibly_new
3307,1960,0.14438727,possibly_new
3308,996,0.13751614,possibly_new
3309,2508,0.13133967,possibly_new
3310,3888,0.163971,possibly_new
3311,1023,0.12204997,possibly_new
3312,1336,0.14083484,possibly_new
3313,310,0.13293275,possibly_new
3314,384,0.121905446,possibly_new
3315,2520,0.12041941,possibly_new
3316,1456,0.130251,possibly_new
3317,1604,0.2646725,possibly_new
3318,137,0.16267061,possibly_new
3319,1440,0.122458935,possibly_new
3320,2479,0.15184793,possibly_new
3321,1430,0.12785456,possibly_new
3322,2805,0.14290126,possibly_new
3323,923,0.119664855,possibly_new
3324,841,0.12084737,possibly_new
3325,59,0.1339096,possibly_new
3326,2711,0.16698498,possibly_new
3327,3764,0.12647876,possibly_new
3328,2664,0.1410208,possibly_new
3329,985,0.12251252,possibly_new
3330,3645,0.1292654,possibly_new
3331,3520,0.14963686,possibly_new
3332,931,0.14917977,possibly_new
3333,2291,0.42132628,possibly_new
3334,3328,0.14141324,possibly_new
3335,972,0.12734127,possibly_new
3336,548,0.115828164,possibly_new
3337,1408,0.16439587,possibly_new
3338,1382,0.14027837,possibly_new
3339,3568,0.1263474,possibly_new
3340,45,0.14567854,possibly_new
3341,3917,0.12345148,possibly_new
3342,155,0.12095016,possibly_new
3343,2048,0.14558913,possibly_new
3344,761,0.14370064,possibly_new
3345,3653,0.12175701,possibly_new
3346,3808,0.12235504,possibly_new
3347,1934,0.22893661,possibly_new
3348,2769,0.11918067,possibly_new
3349,673,0.11868835,possibly_new
3350,2957,0.20322372,possibly_new
3351,3314,0.12241552,possibly_new
3352,2784,0.42973,possibly_new
3353,3817,0.12996964,possibly_new
3354,3280,0.1308684,possibly_new
3355,2050,0.14547664,possibly_new
3356,2928,0.13434719,possibly_new
3357,3633,0.15307105,possibly_new
3358,3996,0.1296655,possibly_new
3359,1214,0.13066316,possibly_new
3360,1341,0.1562585,possibly_new
3361,395,0.14288059,possibly_new
3362,3069,0.1400573,possibly_new
3363,735,0.109877035,possibly_new
3364,909,0.14892069,possibly_new
3365,3392,0.15000893,possibly_new
3366,705,0.14332795,possibly_new
3367,3468,0.28927597,possibly_new
3368,2016,0.14301653,possibly_new
3369,2181,0.12247404,possibly_new
3370,1266,0.13322435,possibly_new
3371,3257,0.12065713,possibly_new
3372,1748,0.20034847,possibly_new
3373,1907,0.13311648,possibly_new
3374,2371,0.13690464,possibly_new
3375,3259,0.123740986,possibly_new
3376,300,0.13390958,possibly_new
3377,955,0.1370481,possibly_new
3378,4039,0.13113572,possibly_new
3379,163,0.13872528,possibly_new
3380,1411,0.1290273,possibly_new
3381,376,0.11644213,possibly_new
3382,1318,0.1344156,possibly_new
3383,3457,0.1391332,possibly_new
3384,1338,0.12390646,possibly_new
3385,1381,0.11801581,possibly_new
3386,293,0.3630973,possibly_new
3387,1126,0.12774672,possibly_new
3388,2644,0.12687983,possibly_new
3389,888,0.1329886,possibly_new
3390,1434,0.12384942,possibly_new
3391,301,0.31008214,possibly_new
3392,3511,0.12546651,possibly_new
3393,370,0.11600657,possibly_new
3394,3496,0.11154132,possibly_new
3395,3569,0.12694171,possibly_new
3396,364,0.3043045,possibly_new
3397,976,0.12897995,possibly_new
3398,406,0.18333694,possibly_new
3399,1876,0.25426358,possibly_new
3400,431,0.12842783,possibly_new
3401,3729,0.12715352,possibly_new
3402,3239,0.14382282,possibly_new
3403,3113,0.142793,possibly_new
3404,3889,0.1181917,possibly_new
3405,455,0.14212465,possibly_new
3406,1208,0.14221682,possibly_new
3407,3199,0.14954367,possibly_new
3408,1398,0.13381839,possibly_new
3409,2920,0.1276977,possibly_new
3410,2539,0.14870745,possibly_new
3411,188,0.13902906,possibly_new
3412,1253,0.12374427,possibly_new
3413,3121,0.12904438,possibly_new
3414,2837,0.12094374,possibly_new
3415,3289,0.13078123,possibly_new
3416,2972,0.18547076,possibly_new
3417,3481,0.12059061,possibly_new
3418,1842,0.19526502,possibly_new
3419,2291,0.16307345,possibly_new
3420,638,0.15624598,possibly_new
3421,1621,0.1595436,possibly_new
3422,99,0.12390314,possibly_new
3423,242,0.12552088,possibly_new
3424,2600,0.14761886,possibly_new
3425,611,0.13324112,possibly_new
3426,549,0.12506683,possibly_new
3427,561,0.13172808,possibly_new
3428,3959,0.1328878,possibly_new
3429,932,0.123926416,possibly_new
3430,3396,0.12590554,possibly_new
3431,27,0.14035293,possibly_new
3432,2633,0.3061219,possibly_new
3433,3588,0.1320844,possibly_new
3434,2841,0.11788227,possibly_new
3435,1405,0.12187381,possibly_new
3436,2737,0.14758724,possibly_new
3437,3204,0.12994418,possibly_new
3438,2860,0.25719357,possibly_new
3439,3037,0.12883963,possibly_new
3440,3243,0.14487305,possibly_new
3441,248,0.12644684,possibly_new
3442,2617,0.27415806,possibly_new
3443,3715,0.12777452,possibly_new
3444,247,0.1491524,possibly_new
3445,3621,0.14043371,possibly_new
3446,963,0.12532595,possibly_new
3447,3931,0.10244456,possibly_new
3448,3947,0.13498619,possibly_new
3449,2955,0.26478016,possibly_new
3450,1173,0.1227559,possibly_new
3451,2309,0.11877,possibly_new
3452,3889,0.43953973,possibly_new
3453,3439,0.13873194,possibly_new
3454,370,0.30229065,possibly_new
3455,2868,0.12563235,possibly_new
3456,3551,0.14829731,possibly_new
3457,1031,0.11141619,possibly_new
3458,785,0.12978807,possibly_new
3459,2611,0.13104506,possibly_new
3460,3034,0.11212163,possibly_new
3461,3845,0.23646092,possibly_new
3462,1892,0.10815422,possibly_new
3463,537,0.13364132,possibly_new
3464,1002,0.1339906,possibly_new
3465,2336,0.13773862,possibly_new
3466,3759,0.13599885,possibly_new
3467,1008,0.12884533,possibly_new
3468,1353,0.14693163,possibly_new
3469,2630,0.12883992,possibly_new
3470,3986,0.12594403,possibly_new
3471,507,0.12969914,possibly_new
3472,3399,0.15697125,possibly_new
3473,2554,0.13686109,possibly_new
3474,3241,0.12062899,possibly_new
3475,802,0.13237134,possibly_new
3476,648,0.2509771,possibly_new
3477,2834,0.15483576,possibly_new
3478,760,0.12710005,possibly_new
3479,545,0.13410962,possibly_new
3480,3685,0.13830756,possibly_new
3481,1991,0.13804825,possibly_new
3482,119,0.14180762,possibly_new
3483,1695,0.11589131,possibly_new
3484,3057,0.1378902,possibly_new
3485,2603,0.12409811,possibly_new
3486,3889,0.16282442,possibly_new
3487,2330,0.12605396,possibly_new
3488,3863,0.166152,possibly_new
3489,3257,0.11304098,possibly_new
3490,3405,0.1418626,possibly_new
3491,3931,0.13287903,possibly_new
3492,1711,0.11901896,possibly_new
3493,1591,0.10921478,possibly_new
3494,3653,0.13001594,possibly_new
3495,3412,0.13263953,possibly_new
3496,716,0.16830373,possibly_new
3497,940,0.120062366,possibly_new
3498,29,0.1353635,possibly_new
3499,3281,0.13023187,possibly_new
3500,3718,0.12965211,possibly_new
3501,1913,0.12776607,possibly_new
3502,3655,0.14110658,possibly_new
3503,671,0.13430268,possibly_new
3504,2495,0.12084278,possibly_new
3505,934,0.14663088,possibly_new
3506,3303,0.1455194,possibly_new
3507,93,0.1360768,possibly_new
3508,1057,0.11140391,possibly_new
3509,2473,0.116383746,possibly_new
3510,3820,0.1230174,possibly_new
3511,2248,0.13554353,possibly_new
3512,1688,0.121517286,possibly_new
3513,2558,0.14255117,possibly_new
3514,185,0.12017796,possibly_new
3515,292,0.13576643,possibly_new
3516,2481,0.15076067,possibly_new
3517,3232,0.15046304,possibly_new
3518,2516,0.13850847,possibly_new
3519,143,0.12107283,possibly_new
3520,1688,0.15495665,possibly_new
3521,1594,0.17188862,possibly_new
3522,896,0.14353181,possibly_new
3523,2025,0.12975489,possibly_new
3524,2493,0.12170972,possibly_new
3525,1465,0.1335113,possibly_new
3526,1270,0.13040671,possibly_new
3527,1262,0.12438655,possibly_new
3528,1296,0.13346699,possibly_new
3529,264,0.14774704,possibly_new
3530,3070,0.12679935,possibly_new
3531,3861,0.1311837,possibly_new
3532,3169,0.1277844,possibly_new
3533,353,0.12633888,possibly_new
3534,653,0.11435001,possibly_new
3535,3634,0.14606376,possibly_new
3536,3173,0.12454752,possibly_new
3537,3074,0.13386655,possibly_new
3538,2150,0.111592,possibly_new
3539,1122,0.12129778,possibly_new
3540,3979,0.109961875,possibly_new
3541,477,0.12332614,possibly_new
3542,648,0.1335661,possibly_new
3543,556,0.11156422,possibly_new
3544,464,0.12753779,possibly_new
3545,3050,0.1301909,possibly_new
3546,818,0.12637219,possibly_new
3547,1956,0.18039387,possibly_new
3548,1937,0.11257796,possibly_new
3549,2262,0.30589518,possibly_new
3550,1565,0.17364345,possibly_new
3551,3277,0.14210458,possibly_new
3552,1868,0.119725205,possibly_new
3553,3393,0.13326548,possibly_new
3554,3790,0.11951756,possibly_new
3555,133,0.13289641,possibly_new
3556,314,0.12640929,possibly_new
3557,2945,0.13769571,possibly_new
3558,1154,0.13699152,possibly_new
3559,2677,0.13857833,possibly_new
3560,816,0.13664159,possibly_new
3561,1816,0.13303706,possibly_new
3562,2052,0.13307947,possibly_new
3563,62,0.12601213,possibly_new
3564,3856,0.1323935,possibly_new
3565,3603,0.12245835,possibly_new
3566,1836,0.14130336,possibly_new
3567,570,0.15325427,possibly_new
3568,3097,0.15222158,possibly_new
3569,2361,0.16716069,possibly_new
3570,826,0.113472395,possibly_new
3571,3729,0.46063083,possibly_new
3572,1824,0.13338462,possibly_new
3573,887,0.14533433,possibly_new
3574,3551,0.14601548,possibly_new
3575,3952,0.13768995,possibly_new
3576,2400,0.13636509,possibly_new
3577,167,0.15626526,possibly_new
3578,2320,0.13306281,possibly_new
3579,4011,0.19125098,possibly_new
3580,681,0.12880291,possibly_new
3581,1005,0.12598456,possibly_new
3582,1303,0.14748782,possibly_new
3583,2408,0.16377515,possibly_new
3584,755,0.14391285,possibly_new
3585,2803,0.15043435,possibly_new
3586,2409,0.11241227,possibly_new
3587,2265,0.14017905,possibly_new
3588,3466,0.1266332,possibly_new
3589,577,0.11751677,possibly_new
3590,3863,0.12849079,possibly_new
3591,2866,0.1411046,possibly_new
3592,2192,0.11808694,possibly_new
3593,2545,0.16248077,possibly_new
3594,1561,0.15969576,possibly_new
3595,387,0.22645772,possibly_new
3596,3784,0.22653961,possibly_new
3597,370,0.23009829,possibly_new
3598,293,0.52330965,shifted_from_baseline
3599,2245,0.14209963,possibly_new
3600,3656,0.11826751,possibly_new
3601,1478,0.12630792,possibly_new
3602,3491,0.168419,possibly_new
3603,4008,0.15571436,possibly_new
3604,2478,0.13550946,possibly_new
3605,688,0.15357673,possibly_new
3606,2132,0.13416249,possibly_new
3607,2563,0.13382427,possibly_new
3608,3108,0.11532298,possibly_new
3609,3864,0.1304009,possibly_new
3610,1091,0.12889463,possibly_new
3611,155,0.12780665,possibly_new
3612,1451,0.1241439,possibly_new
3613,1696,0.13845383,possibly_new
3614,2993,0.12357524,possibly_new
3615,1505,0.12571795,possibly_new
3616,137,0.16818064,possibly_new
3617,3852,0.12604155,possibly_new
3618,3327,0.14632499,possibly_new
3619,597,0.14905345,possibly_new
3620,4040,0.16137457,possibly_new
3621,263,0.11967348,possibly_new
3622,3757,0.121933915,possibly_new
3623,1535,0.13204655,possibly_new
3624,2840,0.123697706,possibly_new
3625,3590,0.1614384,possibly_new
3626,917,0.13690501,possibly_new
3627,590,0.13286865,possibly_new
3628,2219,0.12527516,possibly_new
3629,4033,0.13487272,possibly_new
3630,259,0.15125023,possibly_new
3631,1056,0.143207,possibly_new
3632,1943,0.14801872,possibly_new
3633,2847,0.13853592,possibly_new
3634,2663,0.12567136,possibly_new
3635,3223,0.1204928,possibly_new
3636,3889,0.44532534,possibly_new
3637,2942,0.2308803,possibly_new
3638,3064,0.14567006,possibly_new
3639,531,0.1365861,possibly_new
3640,2566,0.15362015,possibly_new
3641,1377,0.123301975,possibly_new
3642,2813,0.1298182,possibly_new
3643,2936,0.1600813,possibly_new
3644,2932,0.12703553,possibly_new
3645,3631,0.17174537,possibly_new
3646,1865,0.12734194,possibly_new
3647,3810,0.124752894,possibly_new
3648,4034,0.12518542,possibly_new
3649,3583,0.15700367,possibly_new
3650,2202,0.13462663,possibly_new
3651,2711,0.16301405,possibly_new
3652,3634,0.14754042,possibly_new
3653,2152,0.13210614,possibly_new
3654,2841,0.2611063,possibly_new
3655,2759,0.11489427,possibly_new
3656,3765,0.12719467,possibly_new
3657,1982,0.12634723,possibly_new
3658,4082,0.11631116,possibly_new
3659,2897,0.1612521,possibly_new
3660,2262,0.453269,possibly_new
3661,2674,0.129321,possibly_new
3662,1484,0.1290357,possibly_new
3663,3921,0.24303277,possibly_new
3664,2517,0.1322648,possibly_new
3665,2976,0.11329259,possibly_new
3666,2308,0.16097057,possibly_new
3667,2696,0.1300562,possibly_new
3668,620,0.14060709,possibly_new
3669,1694,0.12876871,possibly_new
3670,2666,0.12177822,possibly_new
3671,1158,0.12968263,possibly_new
3672,3810,0.14834666,possibly_new
3673,3221,0.27404135,possibly_new
3674,3889,0.26793802,possibly_new
3675,1311,0.13172166,possibly_new
3676,3004,0.14229414,possibly_new
3677,2112,0.12075251,possibly_new
3678,3109,0.130042,possibly_new
3679,2565,0.12082903,possibly_new
3680,301,0.25208628,possibly_new
3681,1092,0.12405039,possibly_new
3682,1853,0.14965366,possibly_new
3683,3047,0.12561834,possibly_new
3684,137,0.20876881,possibly_new
3685,3427,0.12081014,possibly_new
3686,817,0.14059293,possibly_new
3687,134,0.14265662,possibly_new
3688,2049,0.13666467,possibly_new
3689,3855,0.114264466,possibly_new
3690,1258,0.13708109,possibly_new
3691,2535,0.12848547,possibly_new
3692,3421,0.14476788,possibly_new
3693,1126,0.1207775,possibly_new
3694,1842,0.16162959,possibly_new
3695,2705,0.24327016,possibly_new
3696,1207,0.11627111,possibly_new
3697,3719,0.12703747,possibly_new
3698,2400,0.1779896,possibly_new
3699,1785,0.12714233,possibly_new
3700,1790,0.13357964,possibly_new
3701,1255,0.12432416,possibly_new
3702,1955,0.12474449,possibly_new
3703,2860,0.2110894,possibly_new
3704,1374,0.14149478,possibly_new
3705,3889,0.14357641,possibly_new
3706,1885,0.15522453,possibly_new
3707,2889,0.15434134,possibly_new
3708,931,0.12675586,possibly_new
3709,2785,0.12511998,possibly_new
3710,3341,0.13855453,possibly_new
3711,698,0.1293872,possibly_new
3712,2778,0.1377041,possibly_new
3713,3253,0.13596736,possibly_new
3714,807,0.13347813,possibly_new
3715,1038,0.14775267,possibly_new
3716,395,0.14202794,possibly_new
3717,2800,0.13415278,possibly_new
3718,933,0.15393576,possibly_new
3719,112,0.12905307,possibly_new
3720,1414,0.14311725,possibly_new
3721,2772,0.117900595,possibly_new
3722,1713,0.13779765,possibly_new
3723,972,0.18030947,possibly_new
3724,1091,0.15572675,possibly_new
3725,1895,0.115037076,possibly_new
3726,211,0.13207199,possibly_new
3727,1599,0.11295204,possibly_new
3728,1878,0.1334938,possibly_new
3729,3201,0.11054082,possibly_new
3730,2426,0.12315373,possibly_new
3731,2408,0.23975527,possibly_new
3732,3120,0.14364527,possibly_new
3733,692,0.15325126,possibly_new
3734,2184,0.1402005,possibly_new
3735,2421,0.12350075,possibly_new
3736,664,0.11402921,possibly_new
3737,3355,0.13285312,possibly_new
3738,3872,0.12261581,possibly_new
3739,1421,0.12362981,possibly_new
3740,3587,0.1173628,possibly_new
3741,747,0.1372925,possibly_new
3742,344,0.12192167,possibly_new
3743,301,0.16180563,possibly_new
3744,2390,0.1481154,possibly_new
3745,2942,0.13498375,possibly_new
3746,920,0.12581937,possibly_new
3747,460,0.13676995,possibly_new
3748,2309,0.1244455,possibly_new
3749,2904,0.12980038,possibly_new
3750,2414,0.12236558,possibly_new
3751,3889,0.28001022,possibly_new
3752,1042,0.12824136,possibly_new
3753,67,0.15186796,possibly_new
3754,770,0.13082717,possibly_new
3755,3460,0.13565764,possibly_new
3756,783,0.12742984,possibly_new
3757,4044,0.1272286,possibly_new
3758,2450,0.13604566,possibly_new
3759,3037,0.14297026,possibly_new
3760,454,0.12595758,possibly_new
3761,393,0.1521134,possibly_new
3762,1427,0.11909929,possibly_new
3763,2840,0.12205452,possibly_new
3764,2441,0.12221205,possibly_new
3765,1775,0.124722615,possibly_new
3766,2905,0.12366697,possibly_new
3767,357,0.119300336,possibly_new
3768,4052,0.12935331,possibly_new
3769,1911,0.119286396,possibly_new
3770,1875,0.24112263,possibly_new
3771,2427,0.118868485,possibly_new
3772,3889,0.12533712,possibly_new
3773,1960,0.12287303,possibly_new
3774,42,0.16867206,possibly_new
3775,2298,0.13954896,possibly_new
3776,745,0.12765487,possibly_new
3777,2072,0.12934859,possibly_new
3778,3560,0.11894649,possibly_new
3779,1741,0.122826554,possibly_new
3780,293,0.18950404,possibly_new
3781,2342,0.12832093,possibly_new
3782,1001,0.13226256,possibly_new
3783,3548,0.13410261,possibly_new
3784,2082,0.13279948,possibly_new
3785,2010,0.12379992,possibly_new
3786,663,0.11775562,possibly_new
3787,2586,0.1360633,possibly_new
3788,676,0.12205242,possibly_new
3789,43,0.11624615,possibly_new
3790,902,0.13061324,possibly_new
3791,2247,0.13777651,possibly_new
3792,703,0.15836734,possibly_new
3793,2617,0.23693575,possibly_new
3794,1405,0.14945647,possibly_new
3795,2350,0.13190672,possibly_new
3796,2997,0.12541533,possibly_new
3797,1623,0.14342996,possibly_new
3798,2212,0.114116505,possibly_new
3799,163,0.12240499,possibly_new
3800,913,0.12802681,possibly_new
3801,584,0.14421836,possibly_new
3802,3277,0.14028542,possibly_new
3803,2387,0.131311,possibly_new
3804,3454,0.13209356,possibly_new
3805,3065,0.14855126,possibly_new
3806,1912,0.12677453,possibly_new
3807,434,0.13841468,possibly_new
3808,1049,0.13008738,possibly_new
3809,3325,0.12608884,possibly_new
3810,1184,0.12582877,possibly_new
3811,3612,0.13596112,possibly_new
3812,3957,0.12564963,possibly_new
3813,751,0.1474537,possibly_new
3814,2186,0.12948647,possibly_new
3815,3031,0.13062084,possibly_new
3816,2604,0.14507562,possibly_new
3817,964,0.1282137,possibly_new
3818,1282,0.13051586,possibly_new
3819,906,0.13695192,possibly_new
3820,1939,0.13484173,possibly_new
3821,3433,0.11927886,possibly_new
3822,3506,0.120972104,possibly_new
3823,3135,0.14510465,possibly_new
3824,1677,0.12942477,possibly_new
3825,2800,0.15953223,possibly_new
3826,367,0.15016955,possibly_new
3827,2408,0.22349912,possibly_new
3828,2089,0.14687866,possibly_new
3829,1370,0.14555988,possibly_new
3830,2716,0.12815344,possibly_new
3831,2779,0.12443723,possibly_new
3832,2408,0.3258052,possibly_new
3833,3388,0.1337389,possibly_new
3834,1174,0.3353716,possibly_new
3835,1688,0.12465966,possibly_new
3836,982,0.28374594,possibly_new
3837,4040,0.13507369,possibly_new
3838,3225,0.1122637,possibly_new
3839,3889,0.50179636,shifted_from_baseline
3840,2807,0.16561487,possibly_new
3841,2704,0.14786345,possibly_new
3842,1620,0.11468932,possibly_new
3843,3189,0.13789587,possibly_new
3844,643,0.17726795,possibly_new
3845,3394,0.122614756,possibly_new
3846,169,0.13571039,possibly_new
3847,2713,0.15443087,possibly_new
3848,2185,0.13834196,possibly_new
3849,2601,0.11526546,possibly_new
3850,2942,0.15652394,possibly_new
3851,1994,0.12424244,possibly_new
3852,2369,0.12487458,possibly_new
3853,193,0.11386289,possibly_new
3854,2135,0.120489776,possibly_new
3855,1730,0.116404876,possibly_new
3856,3770,0.11944,possibly_new
3857,4003,0.14174244,possibly_new
3858,2903,0.13090098,possibly_new
3859,2408,0.34041202,possibly_new
3860,975,0.12458478,possibly_new
3861,1484,0.13249627,possibly_new
3862,3366,0.1209711,possibly_new
3863,2533,0.12630014,possibly_new
3864,767,0.13257486,possibly_new
3865,2703,0.1368109,possibly_new
3866,838,0.12651816,possibly_new
3867,1791,0.13205488,possibly_new
3868,3836,0.13111101,possibly_new
3869,2872,0.13479199,possibly_new
3870,3098,0.14202029,possibly_new
3871,840,0.16048516,possibly_new
3872,2880,0.21546595,possibly_new
3873,406,0.21382032,possibly_new
3874,880,0.12730573,possibly_new
3875,2575,0.13576597,possibly_new
3876,407,0.14349535,possibly_new
3877,2622,0.13975868,possibly_new
3878,1029,0.14295164,possibly_new
3879,3257,0.13979328,possibly_new
3880,3869,0.110585384,possibly_new
3881,2942,0.1378559,possibly_new
3882,481,0.115094125,possibly_new
3883,1379,0.13597767,possibly_new
3884,3931,0.13375618,possibly_new
3885,1456,0.13290563,possibly_new
3886,417,0.12763485,possibly_new
3887,3708,0.14281863,possibly_new
3888,2490,0.13175333,possibly_new
3889,2944,0.1542857,possibly_new
3890,1781,0.14029428,possibly_new
3891,1802,0.12771282,possibly_new
3892,2885,0.1370702,possibly_new
3893,3278,0.12693156,possibly_new
3894,3600,0.12667927,possibly_new
3895,2749,0.122555606,possibly_new
3896,3747,0.13644478,possibly_new
3897,2157,0.12354377,possibly_new
3898,3464,0.12550245,possibly_new
3899,3889,0.28580305,possibly_new
3900,1576,0.12801717,possibly_new
3901,2458,0.120973006,possibly_new
3902,3137,0.14536779,possibly_new
3903,3032,0.12720948,possibly_new
3904,1596,0.13530642,possibly_new
3905,3880,0.14227441,possibly_new
3906,3600,0.1209349,possibly_new
3907,3671,0.13678265,possibly_new
3908,2322,0.13945536,possibly_new
3909,427,0.14500637,possibly_new
3910,3889,0.15063894,possibly_new
3911,1652,0.12983492,possibly_new
3912,1843,0.15919918,possibly_new
3913,1819,0.16072038,possibly_new
3914,1688,0.12488909,possibly_new
3915,2152,0.12827706,possibly_new
3916,3109,0.12477909,possibly_new
3917,1574,0.14103553,possibly_new
3918,1616,0.13176121,possibly_new
3919,2792,0.13630855,possibly_new
3920,3021,0.135196,possibly_new
3921,3457,0.12242375,possibly_new
3922,1817,0.14211878,possibly_new
3923,3783,0.13452038,possibly_new
3924,3484,0.3349085,possibly_new
3925,1714,0.1236153,possibly_new
3926,1177,0.117802374,possibly_new
3927,1844,0.13329734,possibly_new
3928,663,0.14831927,possibly_new
3929,818,0.118185334,possibly_new
3930,1438,0.121081635,possibly_new
3931,265,0.11812957,possibly_new
3932,405,0.1153582,possibly_new
3933,143,0.14421862,possibly_new
3934,1323,0.13571368,possibly_new
3935,3322,0.16024026,possibly_new
3936,3882,0.13795781,possibly_new
3937,664,0.19571894,possibly_new
3938,1233,0.1392228,possibly_new
3939,989,0.14125139,possibly_new
3940,3277,0.12707098,possibly_new
3941,3614,0.14738515,possibly_new
3942,3582,0.1368912,possibly_new
3943,2109,0.12908009,possibly_new
3944,3835,0.13059801,possibly_new
3945,2709,0.11910999,possibly_new
3946,3087,0.13255739,possibly_new
3947,761,0.14215222,possibly_new
3948,1891,0.12739332,possibly_new
3949,687,0.19888596,possibly_new
3950,3273,0.11900739,possibly_new
3951,2547,0.1331104,possibly_new
3952,3504,0.13161153,possibly_new
3953,3940,0.1453705,possibly_new
3954,1256,0.14928207,possibly_new
3955,2157,0.13617821,possibly_new
3956,69,0.13852745,possibly_new
3957,1481,0.14880611,possibly_new
3958,2638,0.14704451,possibly_new
3959,907,0.22709998,possibly_new
3960,2842,0.10715322,possibly_new
3961,1371,0.12476838,possibly_new
3962,1518,0.13586485,possibly_new
3963,480,0.107528426,possibly_new
3964,3071,0.1341547,possibly_new
3965,3873,0.13110521,possibly_new
3966,2004,0.13614675,possibly_new
3967,771,0.141996,possibly_new
3968,2880,0.15819038,possibly_new
3969,2236,0.109335914,possibly_new
3970,3809,0.13096865,possibly_new
3971,3418,0.1293418,possibly_new
3972,2170,0.11846795,possibly_new
3973,138,0.12359245,possibly_new
3974,2336,0.12704413,possibly_new
3975,3880,0.12589309,possibly_new
3976,256,0.13586766,possibly_new
3977,1786,0.13396373,possibly_new
3978,1420,0.14819841,possibly_new
3979,3931,0.15517691,possibly_new
3980,2430,0.1347283,possibly_new
3981,3931,0.1685099,possibly_new
3982,137,0.47135603,possibly_new
3983,43,0.12796003,possibly_new
3984,3048,0.14205448,possibly_new
3985,167,0.23542729,possibly_new
3986,1718,0.15232481,possibly_new
3987,1682,0.1492252,possibly_new
3988,3015,0.14108993,possibly_new
3989,2371,0.15150812,possibly_new
3990,1323,0.13513146,possibly_new
3991,2306,0.1296983,possibly_new
3992,1821,0.12840146,possibly_new
3993,2782,0.11932871,possibly_new
3994,323,0.15562119,possibly_new
3995,381,0.11537875,possibly_new
3996,2339,0.15090375,possibly_new
3997,2145,0.1202663,possibly_new
3998,137,0.25590461,possibly_new
3999,3889,0.37721652,possibly_new
4000,1613,0.113577925,possibly_new
4001,2210,0.12973157,possibly_new
4002,1286,0.1233707,possibly_new
4003,333,0.12657435,possibly_new
4004,2597,0.15232916,possibly_new
4005,2520,0.12294019,possibly_new
4006,847,0.13858278,possibly_new
4007,2993,0.15605572,possibly_new
4008,2993,0.24560204,possibly_new
4009,3831,0.13155705,possibly_new
4010,570,0.3056087,possibly_new
4011,2867,0.19546184,possibly_new
4012,3303,0.12544845,possibly_new
4013,1694,0.12380466,possibly_new
4014,3722,0.15053417,possibly_new
4015,2832,0.12734708,possibly_new
4016,2295,0.1327419,possibly_new
4017,1443,0.16216125,possibly_new
4018,301,0.5083642,shifted_from_baseline
4019,3688,0.12337898,possibly_new
4020,3949,0.13627906,possibly_new
4021,1766,0.1316213,possibly_new
4022,1388,0.12965657,possibly_new
4023,3517,0.14309414,possibly_new
4024,1006,0.123010285,possibly_new
4025,3637,0.1427624,possibly_new
4026,3694,0.12436988,possibly_new
4027,1377,0.12552692,possibly_new
4028,103,0.12768547,possibly_new
4029,871,0.13792613,possibly_new
4030,3858,0.11911701,possibly_new
4031,108,0.12673384,possibly_new
4032,1707,0.18022966,possibly_new
4033,716,0.20433474,possibly_new
4034,2198,0.14005232,possibly_new
4035,312,0.113635555,possibly_new
4036,3405,0.12699352,possibly_new
4037,2536,0.14864227,possibly_new
4038,2132,0.1339532,possibly_new
4039,1782,0.11303909,possibly_new
4040,2956,0.115120515,possibly_new
4041,124,0.123084046,possibly_new
4042,2289,0.115972094,possibly_new
4043,1534,0.13562444,possibly_new
4044,2707,0.13392234,possibly_new
4045,1709,0.12786363,possibly_new
4046,1047,0.12849678,possibly_new
4047,749,0.13994175,possibly_new
4048,3189,0.1752559,possibly_new
4049,1404,0.14694676,possibly_new
4050,3165,0.11867751,possibly_new
4051,427,0.1466153,possibly_new
4052,2408,0.17670882,possibly_new
4053,2617,0.4763828,possibly_new
4054,3800,0.13650648,possibly_new
4055,2729,0.14229049,possibly_new
4056,103,0.13803406,possibly_new
4057,2054,0.14637005,possibly_new
4058,1370,0.15238386,possibly_new
4059,287,0.11644121,possibly_new
4060,1956,0.12736382,possibly_new
4061,2458,0.1315229,possibly_new
4062,1778,0.13197725,possibly_new
4063,921,0.10960687,possibly_new
4064,58,0.13791925,possibly_new
4065,3767,0.13693748,possibly_new
4066,659,0.12060634,possibly_new
4067,1790,0.1393552,possibly_new
4068,3874,0.12756619,possibly_new
4069,1133,0.1226833,possibly_new
4070,909,0.1781064,possibly_new
4071,3032,0.12934303,possibly_new
4072,2543,0.12502512,possibly_new
4073,3077,0.116772234,possibly_new
4074,2182,0.137423,possibly_new
4075,1714,0.12630354,possibly_new
4076,664,0.11947845,possibly_new
4077,1705,0.1374948,possibly_new
4078,122,0.118477896,possibly_new
4079,49,0.1276598,possibly_new
4080,1910,0.13025044,possibly_new
4081,1685,0.12833652,possibly_new
4082,4070,0.16835351,possibly_new
4083,1572,0.14509326,possibly_new
4084,463,0.13281044,possibly_new
4085,1344,0.12566718,possibly_new
4086,1746,0.14220652,possibly_new
4087,1139,0.20146978,possibly_new
4088,3889,0.16562754,possibly_new
4089,1889,0.10761048,possibly_new
4090,1998,0.19117649,possibly_new
4091,1912,0.11889554,possibly_new
4092,1027,0.13745058,possibly_new
4093,2574,0.13900572,possibly_new
4094,2408,0.35444278,possibly_new
4095,3799,0.13151632,possibly_new
