baseline_feature,matched_ft_feature,decoder_cosine_similarity,status
0,3200,0.12801048,changed
1,706,0.12133267,changed
2,3200,0.11838073,changed
3,3262,0.12668286,changed
4,338,0.14198554,changed
5,2991,0.12416081,changed
6,1043,0.13693212,changed
7,2025,0.13858888,changed
8,3312,0.112008095,changed
9,384,0.12084718,changed
10,1336,0.12308405,changed
11,1884,0.12307786,changed
12,1593,0.15634897,changed
13,2658,0.15719706,changed
14,1427,0.14933142,changed
15,1623,0.13773134,changed
16,3516,0.13627523,changed
17,311,0.12746538,changed
18,2566,0.14182614,changed
19,410,0.124445565,changed
20,676,0.13645476,changed
21,2911,0.1312061,changed
22,2863,0.12847699,changed
23,438,0.26116735,changed
24,484,0.19674736,changed
25,2257,0.13747457,changed
26,1442,0.121837795,changed
27,3431,0.14035293,changed
28,3680,0.13784665,changed
29,3498,0.1353635,changed
30,2764,0.15677945,changed
31,3565,0.12088971,changed
32,3834,0.15045506,changed
33,9,0.11975627,changed
34,1076,0.1538881,changed
35,3165,0.123230904,changed
36,3753,0.13250515,changed
37,864,0.12911773,changed
38,352,0.1309622,changed
39,82,0.14246467,changed
40,2844,0.14951813,changed
41,2096,0.12773463,changed
42,3774,0.16867206,changed
43,454,0.14109492,changed
44,3825,0.126358,changed
45,3340,0.14567854,changed
46,1813,0.13529123,changed
47,302,0.123665206,changed
48,2954,0.14928538,changed
49,1501,0.16120216,changed
50,1374,0.11975303,changed
51,3514,0.11676309,changed
52,2161,0.15604411,changed
53,1766,0.13778007,changed
54,191,0.11966269,changed
55,97,0.15271966,changed
56,2669,0.13317253,changed
57,267,0.14014846,changed
58,152,0.19924378,changed
59,3325,0.1339096,changed
60,3003,0.14315689,changed
61,3092,0.12120703,changed
62,1729,0.1400391,changed
63,1481,0.119047165,changed
64,684,0.1380821,changed
65,3873,0.13736701,changed
66,3369,0.11614506,changed
67,3753,0.15186796,changed
68,43,0.12104391,changed
69,3956,0.13852745,changed
70,969,0.1327319,changed
71,2091,0.12954661,changed
72,3139,0.12761186,changed
73,1501,0.14233486,changed
74,2255,0.33343738,changed
75,173,0.13569558,changed
76,1980,0.1243846,changed
77,2021,0.11980345,changed
78,2909,0.12734932,changed
79,659,0.12046783,changed
80,3413,0.1253052,changed
81,253,0.13516119,changed
82,936,0.11721869,changed
83,739,0.12179069,changed
84,2046,0.12683895,changed
85,1322,0.121385194,changed
86,3770,0.13758148,changed
87,3918,0.12582085,changed
88,2966,0.14847979,changed
89,456,0.12971643,changed
90,1452,0.13290223,changed
91,103,0.12774877,changed
92,1411,0.13962153,changed
93,3507,0.1360768,changed
94,1124,0.16945978,changed
95,2126,0.11350365,changed
96,96,0.12596981,changed
97,1223,0.13475308,changed
98,1175,0.13443193,changed
99,2501,0.13136366,changed
100,1860,0.1329801,changed
101,884,0.12639648,changed
102,3703,0.123097226,changed
103,563,0.1714468,changed
104,1134,0.12274457,changed
105,3495,0.1285876,changed
106,2250,0.14709087,changed
107,1760,0.14809673,changed
108,4031,0.12673384,changed
109,1818,0.13037832,changed
110,2255,0.12816982,changed
111,117,0.13407734,changed
112,3719,0.12905307,changed
113,424,0.124270394,changed
114,1595,0.14099205,changed
115,970,0.13739643,changed
116,152,0.12787205,changed
117,1268,0.1352219,changed
118,1643,0.12177694,changed
119,3482,0.14180762,changed
120,335,0.12483846,changed
121,359,0.12431001,changed
122,4078,0.118477896,changed
123,859,0.15573698,changed
124,2058,0.23031294,changed
125,1850,0.17075858,changed
126,3207,0.15253244,changed
127,1619,0.14074615,changed
128,528,0.12615378,changed
129,2917,0.16774875,changed
130,1737,0.12121849,changed
131,2907,0.12604165,changed
132,2693,0.13263518,changed
133,3555,0.13289641,changed
134,3687,0.14265662,changed
135,1618,0.12265228,changed
136,566,0.16263258,changed
137,484,0.7346886,shifted
138,3973,0.12359245,changed
139,2514,0.1583856,changed
140,922,0.11747749,changed
141,2173,0.11667352,changed
142,2651,0.13365944,changed
143,3933,0.14421862,changed
144,2161,0.121438794,changed
145,1032,0.11969948,changed
146,2554,0.13361168,changed
147,1062,0.13106212,changed
148,2217,0.13747415,changed
149,76,0.1321282,changed
150,1684,0.13496092,changed
151,346,0.16071959,changed
152,578,0.12184356,changed
153,1614,0.13992609,changed
154,1268,0.11692242,changed
155,3021,0.14230981,changed
156,1991,0.20476192,changed
157,2632,0.12303475,changed
158,201,0.13019866,changed
159,802,0.11632118,changed
160,1518,0.11725768,changed
161,2132,0.1403615,changed
162,3572,0.12637013,changed
163,3379,0.13872528,changed
164,918,0.13897125,changed
165,1909,0.15181799,changed
166,1907,0.11873102,changed
167,3061,0.25149214,changed
168,526,0.12333247,changed
169,3846,0.13571039,changed
170,620,0.14752063,changed
171,3988,0.12972377,changed
172,2950,0.14687186,changed
173,3231,0.1633448,changed
174,2305,0.12575278,changed
175,904,0.120236486,changed
176,1772,0.12228732,changed
177,1028,0.12126258,changed
178,2052,0.13325906,changed
179,721,0.14470327,changed
180,475,0.11556235,changed
181,2368,0.12571971,changed
182,1308,0.14570692,changed
183,1215,0.13375035,changed
184,1654,0.14014587,changed
185,1998,0.13766685,changed
186,2314,0.1328195,changed
187,883,0.1355692,changed
188,1212,0.19513279,changed
189,838,0.13512291,changed
190,814,0.15989554,changed
191,413,0.1530513,changed
192,281,0.1411084,changed
193,3396,0.15538786,changed
194,3277,0.123868555,changed
195,251,0.13066868,changed
196,2155,0.17463909,changed
197,1296,0.12244629,changed
198,2250,0.14230174,changed
199,33,0.13026242,changed
200,121,0.124576464,changed
201,276,0.58712965,shifted
202,473,0.13458347,changed
203,1720,0.12571105,changed
204,2432,0.14037271,changed
205,1885,0.12971634,changed
206,3598,0.13194345,changed
207,737,0.1415662,changed
208,1700,0.110204935,changed
209,823,0.19598284,changed
210,3233,0.1266135,changed
211,492,0.17068017,changed
212,668,0.14322022,changed
213,1699,0.122907445,changed
214,2655,0.13135388,changed
215,1145,0.1290863,changed
216,1578,0.12428412,changed
217,1278,0.1410039,changed
218,137,0.121101595,changed
219,878,0.1354655,changed
220,730,0.32933378,changed
221,970,0.13324662,changed
222,2251,0.1310793,changed
223,2640,0.12381346,changed
224,3917,0.12953442,changed
225,518,0.11995621,changed
226,3982,0.12326655,changed
227,2351,0.11802241,changed
228,3389,0.12530309,changed
229,3956,0.11595986,changed
230,1731,0.11529046,changed
231,2252,0.1425359,changed
232,2956,0.12936923,changed
233,2579,0.20555079,changed
234,2184,0.13126102,changed
235,1901,0.124270745,changed
236,2054,0.16041955,changed
237,2112,0.13697943,changed
238,439,0.122778445,changed
239,3597,0.1678528,changed
240,1511,0.13773844,changed
241,154,0.12295187,changed
242,534,0.18721937,changed
243,3515,0.13017434,changed
244,2575,0.18651904,changed
245,1481,0.13587388,changed
246,3171,0.13553138,changed
247,3444,0.1491524,changed
248,3441,0.12644684,changed
249,231,0.11421674,changed
250,782,0.14957088,changed
251,1821,0.13202429,changed
252,2484,0.11058378,changed
253,2793,0.13262112,changed
254,1340,0.12347229,changed
255,0,0.16129953,changed
256,3976,0.13586766,changed
257,2169,0.12702405,changed
258,17,0.1274365,changed
259,2747,0.15383019,changed
260,2006,0.13338937,changed
261,209,0.1356566,changed
262,2903,0.14593261,changed
263,548,0.14868097,changed
264,3529,0.14774704,changed
265,1760,0.1388354,changed
266,298,0.13502191,changed
267,1555,0.12951185,changed
268,3816,0.14195836,changed
269,1923,0.121207684,changed
270,3635,0.12044977,changed
271,3050,0.11166741,changed
272,730,0.14646034,changed
273,2905,0.20191142,changed
274,992,0.13502616,changed
275,739,0.22195688,changed
276,1483,0.16905183,changed
277,2770,0.13851705,changed
278,1706,0.30186677,changed
279,3430,0.12391807,changed
280,2148,0.14431214,changed
281,1753,0.12583213,changed
282,499,0.13873649,changed
283,2092,0.11710635,changed
284,3616,0.13307442,changed
285,308,0.13152935,changed
286,901,0.14686754,changed
287,23,0.2088011,changed
288,297,0.11425929,changed
289,1252,0.12104447,changed
290,2969,0.34604084,changed
291,3427,0.11025415,changed
292,1821,0.14911027,changed
293,3598,0.52330965,shifted
294,2386,0.12152282,changed
295,3070,0.1985922,changed
296,2677,0.113751866,changed
297,1948,0.13506873,changed
298,3982,0.20767406,changed
299,861,0.15296383,changed
300,3376,0.13390958,changed
301,4018,0.5083642,shifted
302,2280,0.14188316,changed
303,1702,0.12900063,changed
304,722,0.13943484,changed
305,163,0.13151763,changed
306,1339,0.36472532,changed
307,3734,0.13691524,changed
308,1734,0.13093144,changed
309,2905,0.1353445,changed
310,3313,0.13293275,changed
311,997,0.11580667,changed
312,438,0.12626493,changed
313,1039,0.12837504,changed
314,3556,0.12640929,changed
315,3887,0.13165155,changed
316,2248,0.12659729,changed
317,1928,0.14333601,changed
318,716,0.11689289,changed
319,2891,0.11919822,changed
320,438,0.117067486,changed
321,1483,0.16283762,changed
322,2226,0.14122678,changed
323,3994,0.15562119,changed
324,1090,0.1299035,changed
325,1679,0.11625971,changed
326,1204,0.12114684,changed
327,1872,0.14191645,changed
328,3113,0.14558506,changed
329,3636,0.14117976,changed
330,508,0.23835117,changed
331,2464,0.13830319,changed
332,3745,0.13037936,changed
333,3502,0.12694651,changed
334,3352,0.24461445,changed
335,2338,0.13487858,changed
336,2744,0.1522177,changed
337,2038,0.12806518,changed
338,3797,0.12864627,changed
339,355,0.14774542,changed
340,2673,0.13529085,changed
341,3900,0.11403448,changed
342,1977,0.11682908,changed
343,2393,0.121548735,changed
344,3096,0.34575313,changed
345,1014,0.12261708,changed
346,3975,0.12112884,changed
347,719,0.15056235,changed
348,2484,0.14119314,changed
349,1341,0.15287998,changed
350,3019,0.15631385,changed
351,2327,0.13104825,changed
352,6,0.12583372,changed
353,3533,0.12633888,changed
354,2485,0.12392314,changed
355,289,0.12208199,changed
356,1918,0.13806906,changed
357,3767,0.119300336,changed
358,3127,0.12948272,changed
359,3604,0.1216417,changed
360,1818,0.11355623,changed
361,1483,0.17897528,changed
362,2198,0.1292626,changed
363,3256,0.13730177,changed
364,3396,0.3043045,changed
365,1172,0.12412125,changed
366,2595,0.121308476,changed
367,910,0.153385,changed
368,829,0.12423197,changed
369,628,0.14849672,changed
370,548,0.43125403,changed
371,358,0.14947927,changed
372,3045,0.12363185,changed
373,2235,0.1458677,changed
374,691,0.11780378,changed
375,1370,0.12413964,changed
376,1623,0.16160104,changed
377,10,0.11638248,changed
378,3260,0.11651252,changed
379,3629,0.12625735,changed
380,776,0.15323862,changed
381,3234,0.14777268,changed
382,922,0.13276416,changed
383,2010,0.13212936,changed
384,859,0.29572982,changed
385,2172,0.12109026,changed
386,450,0.13052236,changed
387,23,0.43395275,changed
388,2184,0.1565156,changed
389,587,0.12818287,changed
390,2215,0.12967245,changed
391,1240,0.13217203,changed
392,1583,0.13503484,changed
393,3761,0.1521134,changed
394,950,0.16707902,changed
395,3055,0.19207758,changed
396,3234,0.13271552,changed
397,2838,0.1293636,changed
398,2654,0.1253694,changed
399,1936,0.12560952,changed
400,1882,0.11528291,changed
401,2660,0.13339552,changed
402,560,0.1223742,changed
403,1758,0.1513317,changed
404,2251,0.14281414,changed
405,3476,0.13968304,changed
406,3873,0.21382032,changed
407,1085,0.17909794,changed
408,2358,0.17025407,changed
409,2415,0.12936318,changed
410,1468,0.12181664,changed
411,1410,0.11663502,changed
412,880,0.12603235,changed
413,770,0.12597817,changed
414,2724,0.12701818,changed
415,365,0.11918951,changed
416,3179,0.13569379,changed
417,2238,0.13669628,changed
418,1505,0.11944935,changed
419,1763,0.20001599,changed
420,1350,0.1460394,changed
421,1046,0.13572429,changed
422,1483,0.12517425,changed
423,3178,0.129003,changed
424,3317,0.21412341,changed
425,2371,0.22411522,changed
426,1705,0.113805816,changed
427,3143,0.15445021,changed
428,282,0.1208116,changed
429,621,0.145855,changed
430,124,0.15431309,changed
431,3400,0.12842783,changed
432,3129,0.1286323,changed
433,334,0.13084006,changed
434,438,0.2533301,changed
435,449,0.12268657,changed
436,3899,0.11699793,changed
437,721,0.15210567,changed
438,316,0.11319929,changed
439,3095,0.13530812,changed
440,605,0.1553706,changed
441,1203,0.1200948,changed
442,2146,0.15303448,changed
443,829,0.13671702,changed
444,1800,0.12345772,changed
445,2032,0.12666132,changed
446,3715,0.12415072,changed
447,1288,0.1557946,changed
448,1901,0.13107671,changed
449,2751,0.11722092,changed
450,3454,0.12234793,changed
451,1838,0.13959663,changed
452,667,0.13842729,changed
453,689,0.11872721,changed
454,96,0.12751432,changed
455,3405,0.14212465,changed
456,2777,0.12353767,changed
457,1029,0.12377751,changed
458,3828,0.13686007,changed
459,903,0.13112096,changed
460,3747,0.13676995,changed
461,558,0.15945636,changed
462,1148,0.13442065,changed
463,4084,0.13281044,changed
464,317,0.14780422,changed
465,1738,0.1344375,changed
466,661,0.2560838,changed
467,3109,0.11689554,changed
468,1134,0.13408276,changed
469,1320,0.110848784,changed
470,2020,0.13856758,changed
471,3220,0.22985008,changed
472,539,0.1296258,changed
473,927,0.114762865,changed
474,943,0.12660211,changed
475,3158,0.2919582,changed
476,383,0.112877265,changed
477,2402,0.14306076,changed
478,2400,0.12437755,changed
479,2365,0.1318647,changed
480,3503,0.12218286,changed
481,135,0.1395239,changed
482,3129,0.111202754,changed
483,1931,0.12778877,changed
484,2161,0.121974275,changed
485,932,0.14244647,changed
486,1448,0.13673273,changed
487,3528,0.1320968,changed
488,2701,0.13844931,changed
489,952,0.122724645,changed
490,2317,0.13512126,changed
491,1266,0.12163907,changed
492,1066,0.122021735,changed
493,1527,0.14345801,changed
494,108,0.121332064,changed
495,1243,0.16613464,changed
496,3097,0.13131969,changed
497,2194,0.120447405,changed
498,268,0.13620506,changed
499,2749,0.13571149,changed
500,1717,0.13286339,changed
501,21,0.12989575,changed
502,1318,0.12875502,changed
503,1571,0.15227023,changed
504,2210,0.13911058,changed
505,1993,0.12529287,changed
506,975,0.12278679,changed
507,3471,0.12969914,changed
508,3191,0.13333154,changed
509,1241,0.12967704,changed
510,2563,0.13924688,changed
511,3613,0.12436187,changed
512,3942,0.12390612,changed
513,1342,0.13397679,changed
514,2551,0.12538251,changed
515,1409,0.11808741,changed
516,682,0.14180538,changed
517,3893,0.11563326,changed
518,2567,0.12973344,changed
519,3286,0.11553847,changed
520,1020,0.15743248,changed
521,2799,0.11469261,changed
522,847,0.12678246,changed
523,3833,0.12789437,changed
524,2538,0.13015383,changed
525,3803,0.12641576,changed
526,1376,0.1324685,changed
527,3476,0.15794505,changed
528,49,0.12033738,changed
529,2443,0.13826256,changed
530,2703,0.12890854,changed
531,3639,0.1365861,changed
532,3046,0.13796586,changed
533,339,0.13657334,changed
534,1178,0.13043024,changed
535,794,0.122908965,changed
536,3815,0.12985085,changed
537,3463,0.13364132,changed
538,3722,0.12903468,changed
539,2622,0.12204808,changed
540,2925,0.13969648,changed
541,3391,0.11816366,changed
542,1315,0.13109565,changed
543,1359,0.16440663,changed
544,3094,0.1250261,changed
545,1042,0.19910406,changed
546,24,0.12760338,changed
547,2856,0.13277029,changed
548,954,0.117397964,changed
549,787,0.1346337,changed
550,2706,0.14935365,changed
551,1438,0.145877,changed
552,970,0.13028064,changed
553,3048,0.17100435,changed
554,462,0.12524615,changed
555,186,0.11577556,changed
556,2856,0.14277422,changed
557,1601,0.13640076,changed
558,3996,0.12934548,changed
559,138,0.12692223,changed
560,922,0.13196845,changed
561,1884,0.13380297,changed
562,254,0.1340932,changed
563,1900,0.12648809,changed
564,1523,0.12466857,changed
565,609,0.12369196,changed
566,1316,0.12962723,changed
567,615,0.11842209,changed
568,3692,0.119859844,changed
569,1425,0.1377143,changed
570,4010,0.3056087,changed
571,200,0.13001616,changed
572,2790,0.12881595,changed
573,3793,0.1553666,changed
574,2291,0.13365567,changed
575,1706,0.2208986,changed
576,92,0.13115503,changed
577,3589,0.11751677,changed
578,2499,0.16434102,changed
579,3913,0.13650309,changed
580,889,0.12810306,changed
581,2823,0.15299045,changed
582,4064,0.12194261,changed
583,225,0.13492103,changed
584,3801,0.14421836,changed
585,902,0.12515736,changed
586,2478,0.14770839,changed
587,156,0.14685689,changed
588,2978,0.12513322,changed
589,392,0.12620799,changed
590,3627,0.13286865,changed
591,3846,0.13198827,changed
592,475,0.13208652,changed
593,1339,0.14281657,changed
594,2688,0.117352605,changed
595,1637,0.124208555,changed
596,763,0.16014075,changed
597,3619,0.14905345,changed
598,613,0.13397828,changed
599,1433,0.15865894,changed
600,3042,0.12917621,changed
601,2403,0.1256157,changed
602,2626,0.12836926,changed
603,3432,0.16103306,changed
604,2070,0.11545893,changed
605,3839,0.11169418,changed
606,1281,0.11981988,changed
607,1889,0.15656035,changed
608,67,0.107502565,changed
609,2193,0.13536684,changed
610,1071,0.13124534,changed
611,2019,0.1389027,changed
612,897,0.12121904,changed
613,1850,0.1206088,changed
614,1536,0.11384024,changed
615,1916,0.12675714,changed
616,1390,0.112978816,changed
617,881,0.11782095,changed
618,484,0.16451246,changed
619,4087,0.12438752,changed
620,2480,0.14350384,changed
621,2465,0.12669595,changed
622,3998,0.1409849,changed
623,496,0.13158086,changed
624,1694,0.13613181,changed
625,3582,0.13278121,changed
626,86,0.14180265,changed
627,3116,0.20236906,changed
628,1290,0.1447121,changed
629,506,0.11645441,changed
630,3060,0.11368245,changed
631,2740,0.13107352,changed
632,1158,0.12807825,changed
633,2329,0.14290848,changed
634,1967,0.11985828,changed
635,23,0.20234823,changed
636,3097,0.12086774,changed
637,2528,0.12581538,changed
638,3420,0.15624598,changed
639,1623,0.13957614,changed
640,1512,0.15602568,changed
641,2666,0.11069918,changed
642,1214,0.14997458,changed
643,2070,0.19842896,changed
644,2408,0.13683744,changed
645,1872,0.11584383,changed
646,2106,0.14316475,changed
647,929,0.13212489,changed
648,562,0.2558397,changed
649,16,0.122475415,changed
650,1234,0.14586751,changed
651,3924,0.3009941,changed
652,2729,0.15210986,changed
653,606,0.16217415,changed
654,2136,0.12355813,changed
655,2154,0.1342054,changed
656,2975,0.13945861,changed
657,1150,0.13978544,changed
658,823,0.22738755,changed
659,1678,0.13132596,changed
660,3275,0.14177243,changed
661,1618,0.1820602,changed
662,2802,0.13222791,changed
663,1344,0.28344586,changed
664,124,0.21164303,changed
665,2524,0.11435343,changed
666,1062,0.112745464,changed
667,1798,0.20005491,changed
668,3884,0.12789641,changed
669,1152,0.12164906,changed
670,19,0.12730393,changed
671,3503,0.13430268,changed
672,3461,0.13204576,changed
673,2381,0.12537897,changed
674,3603,0.12031404,changed
675,1672,0.12292116,changed
676,730,0.17163914,changed
677,2823,0.13149457,changed
678,1303,0.14085345,changed
679,2131,0.17680189,changed
680,2642,0.11745456,changed
681,3580,0.12880291,changed
682,3360,0.14369097,changed
683,1068,0.17069268,changed
684,2422,0.13032416,changed
685,2916,0.12219292,changed
686,2619,0.11930389,changed
687,192,0.22443926,changed
688,3605,0.15357673,changed
689,2507,0.1249065,changed
690,1035,0.16286343,changed
691,1489,0.14210802,changed
692,874,0.16991553,changed
693,600,0.13198079,changed
694,3712,0.116922855,changed
695,2143,0.15598068,changed
696,1637,0.2886353,changed
697,1482,0.13211934,changed
698,3711,0.1293872,changed
699,3143,0.14709659,changed
700,464,0.12952504,changed
701,69,0.11476563,changed
702,2053,0.12687315,changed
703,2131,0.21785827,changed
704,3420,0.1293826,changed
705,3352,0.2406159,changed
706,620,0.11712636,changed
707,3333,0.17173384,changed
708,2698,0.11685188,changed
709,2460,0.1393849,changed
710,2650,0.11704008,changed
711,265,0.13290808,changed
712,3093,0.1434402,changed
713,3491,0.13177776,changed
714,2417,0.14535019,changed
715,1534,0.15664928,changed
716,484,0.6777525,shifted
717,120,0.13857435,changed
718,1834,0.12330648,changed
719,4053,0.15166356,changed
720,2653,0.12531118,changed
721,1797,0.140995,changed
722,3077,0.12511788,changed
723,1199,0.13303307,changed
724,282,0.124983996,changed
725,2301,0.1292474,changed
726,143,0.1227763,changed
727,810,0.1289916,changed
728,534,0.1626979,changed
729,3317,0.12275191,changed
730,3343,0.1280967,changed
731,1420,0.11703446,changed
732,2679,0.13886034,changed
733,2994,0.1242813,changed
734,3109,0.12054663,changed
735,296,0.13347976,changed
736,1268,0.13453001,changed
737,1897,0.14855239,changed
738,3312,0.13523869,changed
739,846,0.1517904,changed
740,618,0.18545519,changed
741,958,0.14639653,changed
742,3108,0.11998746,changed
743,3949,0.115733474,changed
744,1309,0.13685521,changed
745,3069,0.15086925,changed
746,345,0.13593504,changed
747,3741,0.1372925,changed
748,2513,0.123286605,changed
749,4047,0.13994175,changed
750,3682,0.13272284,changed
751,2866,0.1885421,changed
752,3137,0.12409644,changed
753,1911,0.15157312,changed
754,1682,0.15992813,changed
755,3584,0.14391285,changed
756,655,0.14877668,changed
757,2618,0.12445426,changed
758,4070,0.1640341,changed
759,98,0.11794974,changed
760,3478,0.12710005,changed
761,3344,0.14370064,changed
762,499,0.12418601,changed
763,1633,0.15529643,changed
764,1361,0.12403606,changed
765,396,0.15219426,changed
766,1304,0.13374129,changed
767,1763,0.34744844,changed
768,2567,0.12711643,changed
769,737,0.12495332,changed
770,3754,0.13082717,changed
771,3967,0.141996,changed
772,769,0.12273304,changed
773,3839,0.12373946,changed
774,3748,0.116614915,changed
775,2976,0.13267066,changed
776,657,0.11735612,changed
777,3295,0.11327971,changed
778,642,0.13311279,changed
779,320,0.14195786,changed
780,13,0.13160434,changed
781,2223,0.1751271,changed
782,1221,0.12143981,changed
783,3756,0.12742984,changed
784,705,0.11627729,changed
785,3458,0.12978807,changed
786,244,0.12922317,changed
787,514,0.1331638,changed
788,1813,0.12529469,changed
789,1991,0.19668695,changed
790,3924,0.2085984,changed
791,3765,0.12009244,changed
792,2830,0.12400362,changed
793,2889,0.122829266,changed
794,3871,0.12627059,changed
795,3249,0.13002731,changed
796,2443,0.1648293,changed
797,2801,0.12025316,changed
798,3131,0.12893957,changed
799,57,0.18472785,changed
800,3645,0.113659956,changed
801,3998,0.13714673,changed
802,3475,0.13237134,changed
803,3650,0.12940621,changed
804,529,0.43033528,changed
805,2082,0.120954245,changed
806,3879,0.12749621,changed
807,4032,0.16847083,changed
808,1858,0.13814043,changed
809,2027,0.1310749,changed
810,1151,0.112801924,changed
811,3986,0.1283952,changed
812,2950,0.14838868,changed
813,3730,0.121689364,changed
814,2376,0.12559295,changed
815,2165,0.12634632,changed
816,3560,0.13664159,changed
817,1590,0.18723592,changed
818,507,0.1314879,changed
819,2848,0.13093932,changed
820,2462,0.13806438,changed
821,1456,0.114999294,changed
822,2036,0.12274104,changed
823,3137,0.1384849,changed
824,1916,0.15734357,changed
825,1706,0.32816696,changed
826,1149,0.11720465,changed
827,158,0.13196209,changed
828,2145,0.15847293,changed
829,996,0.12534347,changed
830,392,0.1665804,changed
831,1625,0.13151246,changed
832,37,0.12460218,changed
833,2231,0.13084856,changed
834,4023,0.1305366,changed
835,1676,0.11793853,changed
836,2997,0.12364062,changed
837,3636,0.1349865,changed
838,753,0.12898076,changed
839,372,0.13789946,changed
840,3871,0.16048516,changed
841,2974,0.12249082,changed
842,571,0.1749112,changed
843,1177,0.11317773,changed
844,2310,0.26007748,changed
845,2904,0.13714914,changed
846,1339,0.2242111,changed
847,4006,0.13858278,changed
848,1053,0.1286108,changed
849,2501,0.12583193,changed
850,672,0.14742967,changed
851,730,0.14919877,changed
852,895,0.13091078,changed
853,2428,0.12699378,changed
854,2006,0.1688714,changed
855,1578,0.13458607,changed
856,843,0.12646325,changed
857,3688,0.13119,changed
858,14,0.12971726,changed
859,4074,0.12226884,changed
860,2145,0.11744627,changed
861,1445,0.12904514,changed
862,2998,0.12715514,changed
863,341,0.1324226,changed
864,3048,0.19627127,changed
865,519,0.12102097,changed
866,2192,0.14118321,changed
867,3999,0.14740707,changed
868,2311,0.14684328,changed
869,2353,0.140998,changed
870,2184,0.13953722,changed
871,3477,0.14606814,changed
872,1111,0.12018868,changed
873,1341,0.20874539,changed
874,1489,0.15550372,changed
875,187,0.121191666,changed
876,489,0.110075206,changed
877,2361,0.1415575,changed
878,141,0.14034644,changed
879,2283,0.1260134,changed
880,3874,0.12730573,changed
881,1389,0.13469642,changed
882,2714,0.14858645,changed
883,337,0.15899034,changed
884,531,0.14572404,changed
885,1054,0.12324345,changed
886,2156,0.14868908,changed
887,535,0.5124693,shifted
888,3389,0.1329886,changed
889,2369,0.16112666,changed
890,2203,0.11831574,changed
891,2514,0.118719414,changed
892,1983,0.13352297,changed
893,3684,0.17470396,changed
894,417,0.12095536,changed
895,2171,0.13039112,changed
896,3522,0.14353181,changed
897,1349,0.11979413,changed
898,2570,0.12975866,changed
899,3981,0.14270939,changed
900,3896,0.13023183,changed
901,311,0.1643123,changed
902,2165,0.14451587,changed
903,2847,0.1481477,changed
904,2304,0.12690204,changed
905,1439,0.13344535,changed
906,3819,0.13695192,changed
907,304,0.54365265,shifted
908,273,0.124579996,changed
909,859,0.21526286,changed
910,2286,0.13354048,changed
911,521,0.120694816,changed
912,318,0.13186651,changed
913,3800,0.12802681,changed
914,3372,0.11306299,changed
915,157,0.13057135,changed
916,3083,0.14078753,changed
917,2261,0.17299157,changed
918,1411,0.1194538,changed
919,1149,0.1276964,changed
920,2570,0.1306441,changed
921,2184,0.19718497,changed
922,2063,0.1296448,changed
923,2233,0.14263214,changed
924,849,0.14138542,changed
925,385,0.11855176,changed
926,79,0.13482055,changed
927,45,0.12551449,changed
928,3090,0.13929464,changed
929,466,0.152554,changed
930,240,0.12463261,changed
931,1798,0.329147,changed
932,3429,0.123926416,changed
933,1732,0.16349122,changed
934,3834,0.17783174,changed
935,28,0.11297306,changed
936,447,0.29714522,changed
937,601,0.14200845,changed
938,1383,0.12853014,changed
939,1364,0.12649642,changed
940,1810,0.12946853,changed
941,1548,0.12257455,changed
942,637,0.23690286,changed
943,3124,0.12639345,changed
944,2158,0.12928994,changed
945,175,0.12163152,changed
946,2969,0.2101219,changed
947,607,0.13278511,changed
948,2189,0.18625095,changed
949,3052,0.12551916,changed
950,1545,0.14378934,changed
951,1359,0.13754535,changed
952,824,0.12787122,changed
953,2037,0.12623844,changed
954,753,0.24674475,changed
955,3377,0.1370481,changed
956,3289,0.12583564,changed
957,3896,0.12654789,changed
958,553,0.12116486,changed
959,1596,0.15724379,changed
960,2988,0.115181014,changed
961,1740,0.12244484,changed
962,1279,0.15178636,changed
963,676,0.1565527,changed
964,3817,0.1282137,changed
965,930,0.13798606,changed
966,3257,0.16174334,changed
967,2701,0.13512209,changed
968,1481,0.11475801,changed
969,1052,0.12318002,changed
970,3836,0.22127977,changed
971,3733,0.11950779,changed
972,3723,0.18030947,changed
973,17,0.14105703,changed
974,2579,0.13975951,changed
975,2520,0.15248767,changed
976,3397,0.12897995,changed
977,3367,0.12314553,changed
978,311,0.122676834,changed
979,1630,0.124770835,changed
980,3848,0.13668232,changed
981,770,0.15833595,changed
982,3836,0.28374594,changed
983,1627,0.1351062,changed
984,272,0.13218468,changed
985,2851,0.16098286,changed
986,492,0.12879595,changed
987,3235,0.14455986,changed
988,2263,0.1624604,changed
989,3939,0.14125139,changed
990,1565,0.116778314,changed
991,3239,0.14256078,changed
992,809,0.13627186,changed
993,594,0.12595212,changed
994,4079,0.123046845,changed
995,1003,0.1275807,changed
996,3308,0.13751614,changed
997,1246,0.117941566,changed
998,1868,0.13028018,changed
999,3836,0.18853813,changed
1000,3302,0.13825187,changed
1001,3782,0.13226256,changed
1002,761,0.13461606,changed
1003,1815,0.11661497,changed
1004,3442,0.13130677,changed
1005,3581,0.12598456,changed
1006,377,0.15181914,changed
1007,3523,0.12531993,changed
1008,3467,0.12884533,changed
1009,427,0.15297425,changed
1010,504,0.12867014,changed
1011,1645,0.14567299,changed
1012,2398,0.14345598,changed
1013,2960,0.14561099,changed
1014,2439,0.1378885,changed
1015,2980,0.12383367,changed
1016,1282,0.13564897,changed
1017,3009,0.12969258,changed
1018,3572,0.11436033,changed
1019,1187,0.123844236,changed
1020,2161,0.13105068,changed
1021,2760,0.13858727,changed
1022,1162,0.12504175,changed
1023,3297,0.13939634,changed
1024,2760,0.12930393,changed
1025,227,0.1507415,changed
1026,405,0.11909191,changed
1027,4092,0.13745058,changed
1028,3999,0.16088739,changed
1029,3878,0.14295164,changed
1030,3432,0.124516584,changed
1031,1226,0.14359376,changed
1032,3320,0.12150477,changed
1033,2825,0.12463732,changed
1034,3682,0.124220654,changed
1035,2993,0.11926358,changed
1036,16,0.14011538,changed
1037,3124,0.13937965,changed
1038,3715,0.14775267,changed
1039,29,0.121172205,changed
1040,1118,0.12760848,changed
1041,412,0.13636313,changed
1042,3752,0.12824136,changed
1043,728,0.122219846,changed
1044,2270,0.12688673,changed
1045,2109,0.15284261,changed
1046,4081,0.12529497,changed
1047,1827,0.13682656,changed
1048,2127,0.14253823,changed
1049,2270,0.14849472,changed
1050,3391,0.12803972,changed
1051,2618,0.12934814,changed
1052,2067,0.11217697,changed
1053,474,0.14194512,changed
1054,3193,0.15138823,changed
1055,463,0.14365506,changed
1056,3631,0.143207,changed
1057,154,0.1425829,changed
1058,3627,0.12528498,changed
1059,2074,0.11123152,changed
1060,2178,0.13666905,changed
1061,1914,0.12292375,changed
1062,2341,0.13757744,changed
1063,3164,0.13959372,changed
1064,2578,0.11958347,changed
1065,3013,0.10910855,changed
1066,4008,0.13471451,changed
1067,2599,0.11868425,changed
1068,1341,0.11885174,changed
1069,577,0.11895026,changed
1070,506,0.13004005,changed
1071,1679,0.14577657,changed
1072,206,0.14083004,changed
1073,246,0.13074596,changed
1074,1610,0.1388534,changed
1075,915,0.1514804,changed
1076,1830,0.14321703,changed
1077,3133,0.11596856,changed
1078,2717,0.14050789,changed
1079,1569,0.12502281,changed
1080,1061,0.12692256,changed
1081,1599,0.12529828,changed
1082,377,0.19588253,changed
1083,458,0.16380495,changed
1084,3223,0.12912633,changed
1085,661,0.16767773,changed
1086,1948,0.13706309,changed
1087,789,0.13063495,changed
1088,2425,0.13044697,changed
1089,1001,0.112306416,changed
1090,3022,0.13956629,changed
1091,1645,0.22747566,changed
1092,2005,0.14080016,changed
1093,348,0.122492984,changed
1094,2184,0.15528703,changed
1095,256,0.1285533,changed
1096,3245,0.13857836,changed
1097,540,0.12896568,changed
1098,1771,0.12216988,changed
1099,1763,0.24426043,changed
1100,1504,0.13447528,changed
1101,753,0.13115914,changed
1102,882,0.14306843,changed
1103,836,0.13799629,changed
1104,3476,0.16040301,changed
1105,2673,0.13429016,changed
1106,888,0.24227576,changed
1107,2544,0.12039779,changed
1108,529,0.36452186,changed
1109,2816,0.12687209,changed
1110,1605,0.12276262,changed
1111,2095,0.11963178,changed
1112,381,0.12873176,changed
1113,239,0.1174415,changed
1114,1047,0.13060713,changed
1115,2962,0.111720785,changed
1116,277,0.13802712,changed
1117,3076,0.123417884,changed
1118,3692,0.122945696,changed
1119,3700,0.12637946,changed
1120,3409,0.12442727,changed
1121,365,0.12296695,changed
1122,3539,0.12129778,changed
1123,1960,0.1256611,changed
1124,3093,0.12600754,changed
1125,3135,0.11815627,changed
1126,1798,0.157828,changed
1127,2580,0.14646485,changed
1128,3209,0.12225148,changed
1129,727,0.11962133,changed
1130,501,0.157502,changed
1131,2625,0.16574341,changed
1132,3560,0.12420102,changed
1133,4069,0.1226833,changed
1134,2290,0.13104388,changed
1135,3238,0.12017846,changed
1136,1568,0.13329342,changed
1137,1599,0.12281121,changed
1138,918,0.13508087,changed
1139,3219,0.26749063,changed
1140,3186,0.13051614,changed
1141,2893,0.12742674,changed
1142,3150,0.13550663,changed
1143,3834,0.21823348,changed
1144,66,0.12609118,changed
1145,3298,0.1327518,changed
1146,2557,0.13085175,changed
1147,1995,0.22630501,changed
1148,854,0.15217602,changed
1149,2925,0.13145016,changed
1150,998,0.13840163,changed
1151,1410,0.1785022,changed
1152,3410,0.11637835,changed
1153,79,0.12189506,changed
1154,1689,0.14048699,changed
1155,989,0.14044985,changed
1156,325,0.12493214,changed
1157,2517,0.1203005,changed
1158,2676,0.13922513,changed
1159,2814,0.13240239,changed
1160,309,0.13769245,changed
1161,530,0.12581342,changed
1162,3703,0.14297166,changed
1163,134,0.14679806,changed
1164,1292,0.20115119,changed
1165,2558,0.13149904,changed
1166,3260,0.12625748,changed
1167,377,0.11687024,changed
1168,1472,0.21641165,changed
1169,200,0.14309521,changed
1170,2349,0.11111096,changed
1171,3802,0.12493873,changed
1172,1841,0.14170152,changed
1173,3450,0.1227559,changed
1174,753,0.41341802,changed
1175,1788,0.12752795,changed
1176,3953,0.1288651,changed
1177,1540,0.12116078,changed
1178,2905,0.14625938,changed
1179,1265,0.13892871,changed
1180,3673,0.16777562,changed
1181,2945,0.1429069,changed
1182,1546,0.13595359,changed
1183,3520,0.15059797,changed
1184,3810,0.12582877,changed
1185,2029,0.13183543,changed
1186,2449,0.12706009,changed
1187,1404,0.12895098,changed
1188,276,0.12370295,changed
1189,618,0.1387819,changed
1190,3686,0.11823349,changed
1191,1957,0.13526486,changed
1192,2191,0.12483241,changed
1193,615,0.13224658,changed
1194,2310,0.14568289,changed
1195,1637,0.16185707,changed
1196,3928,0.12171489,changed
1197,1151,0.11548042,changed
1198,2880,0.16009873,changed
1199,1059,0.108277276,changed
1200,3108,0.12047868,changed
1201,2482,0.12695107,changed
1202,3980,0.121942855,changed
1203,2716,0.11999811,changed
1204,432,0.1325189,changed
1205,2606,0.14941774,changed
1206,3164,0.12850207,changed
1207,4043,0.12130472,changed
1208,3406,0.14221682,changed
1209,968,0.14210074,changed
1210,1853,0.12563337,changed
1211,1183,0.13450056,changed
1212,2685,0.14325282,changed
1213,226,0.117497176,changed
1214,3359,0.13066316,changed
1215,3396,0.13851917,changed
1216,3998,0.14653404,changed
1217,2439,0.22963078,changed
1218,3685,0.112218946,changed
1219,777,0.12219908,changed
1220,3475,0.12723827,changed
1221,1539,0.12971365,changed
1222,1234,0.12851998,changed
1223,756,0.14065282,changed
1224,548,0.12693718,changed
1225,3294,0.11871983,changed
1226,65,0.14465576,changed
1227,691,0.12483147,changed
1228,3121,0.11723448,changed
1229,1782,0.14977792,changed
1230,1465,0.12658063,changed
1231,1592,0.119975865,changed
1232,2708,0.12825051,changed
1233,3938,0.1392228,changed
1234,546,0.1374211,changed
1235,2788,0.11549998,changed
1236,1520,0.14124312,changed
1237,3143,0.1518482,changed
1238,1198,0.116601914,changed
1239,3625,0.14248964,changed
1240,1473,0.1372215,changed
1241,643,0.13306963,changed
1242,1887,0.13998708,changed
1243,3124,0.1383448,changed
1244,950,0.1466305,changed
1245,2323,0.12976116,changed
1246,2116,0.14125359,changed
1247,1408,0.14649934,changed
1248,2431,0.11851121,changed
1249,3383,0.11765958,changed
1250,4001,0.119923376,changed
1251,3875,0.12824929,changed
1252,768,0.123503834,changed
1253,2371,0.16666307,changed
1254,23,0.15342557,changed
1255,103,0.15779077,changed
1256,3071,0.2579722,changed
1257,2496,0.112672135,changed
1258,3690,0.13708109,changed
1259,3637,0.13101456,changed
1260,96,0.1215577,changed
1261,4054,0.12556317,changed
1262,2445,0.14437224,changed
1263,3171,0.12976265,changed
1264,2754,0.13766468,changed
1265,2184,0.1789833,changed
1266,2314,0.35662723,changed
1267,1182,0.12962905,changed
1268,1497,0.12829334,changed
1269,3751,0.12761769,changed
1270,1374,0.14283134,changed
1271,2650,0.12475533,changed
1272,577,0.12034227,changed
1273,3708,0.12511565,changed
1274,873,0.12806308,changed
1275,1407,0.12787506,changed
1276,2842,0.12558994,changed
1277,2387,0.15936834,changed
1278,2638,0.13402165,changed
1279,17,0.1444313,changed
1280,3650,0.12501237,changed
1281,306,0.14880952,changed
1282,3054,0.13781062,changed
1283,2038,0.124052756,changed
1284,484,0.27735236,changed
1285,3593,0.13313302,changed
1286,4002,0.1233707,changed
1287,2810,0.11900396,changed
1288,946,0.11748599,changed
1289,3357,0.13421349,changed
1290,3220,0.1942362,changed
1291,1442,0.1393759,changed
1292,2211,0.13196279,changed
1293,3063,0.126629,changed
1294,1427,0.16540185,changed
1295,3181,0.1279268,changed
1296,974,0.3931025,changed
1297,3013,0.13080338,changed
1298,843,0.13205782,changed
1299,3301,0.13418067,changed
1300,3396,0.13074462,changed
1301,1820,0.13442118,changed
1302,2466,0.14470276,changed
1303,3582,0.14748782,changed
1304,886,0.14859085,changed
1305,1222,0.12842545,changed
1306,1427,0.13347632,changed
1307,2825,0.13259956,changed
1308,2587,0.11835373,changed
1309,534,0.13567609,changed
1310,3637,0.16633612,changed
1311,3167,0.14654213,changed
1312,1529,0.18189648,changed
1313,536,0.12530576,changed
1314,2523,0.15018292,changed
1315,371,0.13057478,changed
1316,397,0.14087033,changed
1317,970,0.13882732,changed
1318,3382,0.1344156,changed
1319,995,0.12673743,changed
1320,2468,0.118842915,changed
1321,2058,0.31784737,changed
1322,2922,0.14202136,changed
1323,214,0.14558044,changed
1324,3268,0.14023176,changed
1325,1341,0.13236871,changed
1326,1520,0.12667912,changed
1327,944,0.13965997,changed
1328,1064,0.124892525,changed
1329,2041,0.12083408,changed
1330,538,0.11907674,changed
1331,3226,0.14016245,changed
1332,2912,0.11434543,changed
1333,1924,0.13064098,changed
1334,1568,0.13847084,changed
1335,1986,0.12837511,changed
1336,4087,0.19061077,changed
1337,2503,0.12944704,changed
1338,2064,0.13679071,changed
1339,1668,0.111096665,changed
1340,2022,0.14928411,changed
1341,3360,0.1562585,changed
1342,2626,0.14636457,changed
1343,3314,0.11703485,changed
1344,1377,0.13509001,changed
1345,1916,0.1366484,changed
1346,385,0.14247254,changed
1347,583,0.14419243,changed
1348,1274,0.13202228,changed
1349,1012,0.12107864,changed
1350,1480,0.14558879,changed
1351,3924,0.16499722,changed
1352,2439,0.14347646,changed
1353,3468,0.14693163,changed
1354,3224,0.11577526,changed
1355,1852,0.12985617,changed
1356,960,0.11941069,changed
1357,306,0.13637523,changed
1358,788,0.13188118,changed
1359,3376,0.12161837,changed
1360,355,0.14099342,changed
1361,1699,0.12081916,changed
1362,602,0.1649035,changed
1363,2147,0.1285555,changed
1364,72,0.11884368,changed
1365,3654,0.12840062,changed
1366,937,0.11825171,changed
1367,2132,0.12565641,changed
1368,2438,0.14177759,changed
1369,2493,0.113234825,changed
1370,1832,0.406461,changed
1371,881,0.12963532,changed
1372,562,0.11614309,changed
1373,530,0.13323754,changed
1374,3704,0.14149478,changed
1375,3296,0.12677777,changed
1376,2098,0.1135991,changed
1377,3232,0.17736214,changed
1378,2034,0.12814468,changed
1379,3596,0.1721313,changed
1380,250,0.12840356,changed
1381,423,0.124006525,changed
1382,3338,0.14027837,changed
1383,2285,0.118564725,changed
1384,2911,0.11288496,changed
1385,110,0.12352654,changed
1386,991,0.12952751,changed
1387,3212,0.13640627,changed
1388,1585,0.12996686,changed
1389,2883,0.1293532,changed
1390,3796,0.124415554,changed
1391,1848,0.13805908,changed
1392,3518,0.122356586,changed
1393,280,0.13431332,changed
1394,1322,0.23886691,changed
1395,1454,0.1336264,changed
1396,2845,0.12131512,changed
1397,14,0.12168118,changed
1398,3408,0.13381839,changed
1399,3797,0.13405965,changed
1400,1964,0.1318034,changed
1401,1522,0.15601557,changed
1402,3234,0.123781994,changed
1403,566,0.12614717,changed
1404,2625,0.1503151,changed
1405,3794,0.14945647,changed
1406,2396,0.12634441,changed
1407,3049,0.12335492,changed
1408,3337,0.16439587,changed
1409,308,0.14360604,changed
1410,964,0.12218712,changed
1411,3380,0.1290273,changed
1412,3037,0.13387102,changed
1413,737,0.12216332,changed
1414,3720,0.14311725,changed
1415,2360,0.15458068,changed
1416,2685,0.13528329,changed
1417,4087,0.1298591,changed
1418,2197,0.114530385,changed
1419,2994,0.111427166,changed
1420,3978,0.14819841,changed
1421,3739,0.12362981,changed
1422,1374,0.17258984,changed
1423,1051,0.1390409,changed
1424,1891,0.11177686,changed
1425,1887,0.12162759,changed
1426,3151,0.123645216,changed
1427,880,0.1272563,changed
1428,1005,0.1506086,changed
1429,777,0.14127189,changed
1430,925,0.12839194,changed
1431,1627,0.12567368,changed
1432,2237,0.14402619,changed
1433,1424,0.12671357,changed
1434,3949,0.153625,changed
1435,2243,0.13258007,changed
1436,1015,0.2987888,changed
1437,1453,0.13215089,changed
1438,424,0.15504667,changed
1439,61,0.13620186,changed
1440,195,0.13946235,changed
1441,847,0.13860443,changed
1442,829,0.124789424,changed
1443,165,0.1833734,changed
1444,2083,0.11612752,changed
1445,2060,0.13253258,changed
1446,3715,0.123715386,changed
1447,3368,0.12995394,changed
1448,1680,0.1519968,changed
1449,386,0.14194888,changed
1450,3811,0.12120129,changed
1451,1089,0.251333,changed
1452,805,0.17417882,changed
1453,62,0.14802727,changed
1454,1379,0.12099786,changed
1455,821,0.13042724,changed
1456,3885,0.13290563,changed
1457,2386,0.13283929,changed
1458,2306,0.12254781,changed
1459,3555,0.1288628,changed
1460,711,0.13658074,changed
1461,2751,0.13586476,changed
1462,1643,0.12431678,changed
1463,319,0.12978461,changed
1464,2757,0.12469776,changed
1465,3525,0.1335113,changed
1466,3990,0.13348842,changed
1467,1129,0.1299763,changed
1468,3419,0.1565838,changed
1469,1632,0.117691845,changed
1470,2962,0.117437914,changed
1471,3269,0.12206969,changed
1472,1297,0.1689614,changed
1473,2274,0.1385664,changed
1474,2052,0.14175963,changed
1475,3712,0.13338637,changed
1476,1102,0.14186239,changed
1477,2599,0.12810525,changed
1478,3601,0.12630792,changed
1479,491,0.12935914,changed
1480,2899,0.12440297,changed
1481,3957,0.14880611,changed
1482,3373,0.12333973,changed
1483,1094,0.11324186,changed
1484,3861,0.13249627,changed
1485,410,0.12596977,changed
1486,331,0.1254141,changed
1487,2442,0.121332705,changed
1488,1582,0.12194981,changed
1489,825,0.13827053,changed
1490,2834,0.12039076,changed
1491,391,0.120985754,changed
1492,2956,0.15095305,changed
1493,315,0.11411491,changed
1494,1915,0.12614244,changed
1495,2471,0.14798115,changed
1496,3722,0.12072092,changed
1497,3093,0.115155995,changed
1498,947,0.13093412,changed
1499,3303,0.1361558,changed
1500,1283,0.13602507,changed
1501,3575,0.13512322,changed
1502,945,0.13711339,changed
1503,1639,0.13833028,changed
1504,1322,0.1598312,changed
1505,450,0.13999358,changed
1506,2131,0.47927612,changed
1507,741,0.14946625,changed
1508,1323,0.13528982,changed
1509,3625,0.13541122,changed
1510,2225,0.12816212,changed
1511,2162,0.12072267,changed
1512,2388,0.14772597,changed
1513,2094,0.15586868,changed
1514,752,0.12560633,changed
1515,109,0.14339465,changed
1516,2117,0.14072971,changed
1517,2029,0.13240144,changed
1518,3962,0.13586485,changed
1519,2396,0.1278258,changed
1520,262,0.12451328,changed
1521,2729,0.11722019,changed
1522,322,0.12879953,changed
1523,2690,0.12650073,changed
1524,3065,0.14644638,changed
1525,1635,0.14869452,changed
1526,342,0.13397329,changed
1527,2310,0.3073531,changed
1528,1018,0.12895115,changed
1529,4065,0.1213994,changed
1530,3075,0.14033745,changed
1531,2641,0.1475656,changed
1532,1256,0.14623597,changed
1533,777,0.11650756,changed
1534,1295,0.13768448,changed
1535,3623,0.13204655,changed
1536,1350,0.1343329,changed
1537,2224,0.120907694,changed
1538,2954,0.15661092,changed
1539,3186,0.12417013,changed
1540,2361,0.13650778,changed
1541,234,0.13968316,changed
1542,2885,0.13923873,changed
1543,1415,0.12153913,changed
1544,3708,0.12637536,changed
1545,823,0.13163768,changed
1546,1507,0.11682217,changed
1547,1568,0.115061514,changed
1548,3952,0.10954261,changed
1549,342,0.12681673,changed
1550,2317,0.1241274,changed
1551,3078,0.13058887,changed
1552,4010,0.17971729,changed
1553,2655,0.12447971,changed
1554,2263,0.17093232,changed
1555,2411,0.16030824,changed
1556,3841,0.14190774,changed
1557,220,0.14636159,changed
1558,3059,0.12404303,changed
1559,1640,0.14802043,changed
1560,377,0.12320794,changed
1561,3594,0.15969576,changed
1562,3238,0.14098659,changed
1563,598,0.12871484,changed
1564,2167,0.13676119,changed
1565,3236,0.2840378,changed
1566,739,0.12491922,changed
1567,2789,0.13618104,changed
1568,2523,0.12588248,changed
1569,450,0.14135219,changed
1570,186,0.13162068,changed
1571,1933,0.1307117,changed
1572,498,0.16573331,changed
1573,1798,0.2787739,changed
1574,3917,0.14103553,changed
1575,731,0.13774952,changed
1576,2252,0.4153797,changed
1577,52,0.12085214,changed
1578,2661,0.14010209,changed
1579,910,0.13698696,changed
1580,1487,0.14588207,changed
1581,1783,0.12879509,changed
1582,348,0.13578483,changed
1583,2661,0.12159695,changed
1584,3221,0.13938472,changed
1585,2157,0.12544782,changed
1586,545,0.13642901,changed
1587,2786,0.12306234,changed
1588,1029,0.14139383,changed
1589,1822,0.1360543,changed
1590,899,0.12938961,changed
1591,406,0.13330975,changed
1592,2708,0.14072575,changed
1593,1412,0.14224815,changed
1594,1706,0.24517545,changed
1595,1969,0.11778287,changed
1596,1618,0.16481104,changed
1597,2383,0.12366728,changed
1598,246,0.13118513,changed
1599,1489,0.13192955,changed
1600,555,0.13366792,changed
1601,1546,0.19537228,changed
1602,2790,0.14339784,changed
1603,2323,0.1201617,changed
1604,2322,0.3342474,changed
1605,2854,0.12424904,changed
1606,1648,0.13569994,changed
1607,2443,0.13861099,changed
1608,3421,0.1284934,changed
1609,4012,0.12508097,changed
1610,3298,0.1410213,changed
1611,2598,0.13395531,changed
1612,680,0.13829558,changed
1613,1690,0.14552312,changed
1614,2581,0.1436983,changed
1615,828,0.121726856,changed
1616,207,0.14190447,changed
1617,379,0.16165918,changed
1618,2149,0.12206201,changed
1619,96,0.13500439,changed
1620,1001,0.14565758,changed
1621,438,0.20561796,changed
1622,1656,0.12229566,changed
1623,3982,0.17085089,changed
1624,563,0.17483547,changed
1625,3168,0.13352405,changed
1626,1380,0.1375081,changed
1627,1124,0.11666435,changed
1628,356,0.13036108,changed
1629,1212,0.47165117,changed
1630,3607,0.12762338,changed
1631,460,0.112341315,changed
1632,3154,0.11874911,changed
1633,2780,0.1265578,changed
1634,2339,0.12336998,changed
1635,1506,0.15586792,changed
1636,2360,0.13550799,changed
1637,82,0.123402104,changed
1638,2673,0.13272174,changed
1639,1259,0.1355254,changed
1640,2201,0.12695852,changed
1641,2388,0.1449889,changed
1642,1443,0.12989295,changed
1643,386,0.13013044,changed
1644,3710,0.12481023,changed
1645,974,0.11987504,changed
1646,3732,0.13661751,changed
1647,2080,0.13707401,changed
1648,2327,0.118239,changed
1649,2535,0.14102118,changed
1650,2443,0.124202535,changed
1651,3181,0.12361345,changed
1652,1081,0.15545347,changed
1653,3743,0.13205495,changed
1654,2526,0.12571798,changed
1655,2621,0.12979071,changed
1656,3056,0.12754378,changed
1657,387,0.12839848,changed
1658,1810,0.133242,changed
1659,25,0.13350825,changed
1660,481,0.1486539,changed
1661,2872,0.13522184,changed
1662,3396,0.19488318,changed
1663,3241,0.12399841,changed
1664,3441,0.1263973,changed
1665,3210,0.14522906,changed
1666,3673,0.13965255,changed
1667,1493,0.12755314,changed
1668,2131,0.21771029,changed
1669,1182,0.16264167,changed
1670,2005,0.12886265,changed
1671,1960,0.12893672,changed
1672,3179,0.12922162,changed
1673,318,0.14470735,changed
1674,718,0.13178164,changed
1675,654,0.13061292,changed
1676,2027,0.13662666,changed
1677,3824,0.12942477,changed
1678,2588,0.1386826,changed
1679,1857,0.1866838,changed
1680,1100,0.13867247,changed
1681,3454,0.11983478,changed
1682,3987,0.1492252,changed
1683,2671,0.11776243,changed
1684,1991,0.1344094,changed
1685,2540,0.18085617,changed
1686,3633,0.12111013,changed
1687,2185,0.1268121,changed
1688,3520,0.15495665,changed
1689,2858,0.1490664,changed
1690,3452,0.12677982,changed
1691,2259,0.12201298,changed
1692,2371,0.13035679,changed
1693,305,0.12058386,changed
1694,3669,0.12876871,changed
1695,799,0.13917662,changed
1696,3613,0.13845383,changed
1697,1856,0.12297131,changed
1698,798,0.12620592,changed
1699,3484,0.12417949,changed
1700,332,0.13349234,changed
1701,2329,0.14608374,changed
1702,1861,0.13287356,changed
1703,2738,0.13666162,changed
1704,3618,0.13242723,changed
1705,4077,0.1374948,changed
1706,2100,0.14089593,changed
1707,2223,0.18465793,changed
1708,2681,0.12523013,changed
1709,4045,0.12786363,changed
1710,897,0.11400298,changed
1711,1531,0.14342113,changed
1712,2208,0.1416472,changed
1713,1339,0.35394257,changed
1714,1991,0.15764992,changed
1715,1089,0.12353975,changed
1716,3553,0.10775493,changed
1717,1015,0.13103473,changed
1718,3986,0.15232481,changed
1719,477,0.12975657,changed
1720,233,0.13103315,changed
1721,2712,0.13334973,changed
1722,2545,0.12595621,changed
1723,3780,0.12950982,changed
1724,3579,0.13960814,changed
1725,2698,0.1392833,changed
1726,2292,0.13904017,changed
1727,124,0.15364204,changed
1728,1777,0.14432868,changed
1729,248,0.15758863,changed
1730,2234,0.11966557,changed
1731,1513,0.13716418,changed
1732,4053,0.15530853,changed
1733,3595,0.11470936,changed
1734,3717,0.13048899,changed
1735,2522,0.11696635,changed
1736,312,0.12723747,changed
1737,2443,0.13095698,changed
1738,2785,0.1357902,changed
1739,912,0.14520477,changed
1740,2013,0.13956189,changed
1741,1045,0.12378186,changed
1742,2263,0.21382901,changed
1743,4041,0.122337736,changed
1744,524,0.12706809,changed
1745,987,0.12919906,changed
1746,4086,0.14220652,changed
1747,3414,0.11306514,changed
1748,3372,0.20034847,changed
1749,3367,0.13385557,changed
1750,3719,0.124751315,changed
1751,818,0.113924295,changed
1752,1706,0.3481984,changed
1753,2809,0.12737504,changed
1754,2577,0.13420402,changed
1755,246,0.116862684,changed
1756,1270,0.13941142,changed
1757,3396,0.13874228,changed
1758,1597,0.12726462,changed
1759,2871,0.116983436,changed
1760,461,0.1256452,changed
1761,1783,0.114287294,changed
1762,1870,0.12382627,changed
1763,667,0.12312958,changed
1764,2139,0.12476306,changed
1765,2233,0.15198565,changed
1766,4021,0.1316213,changed
1767,271,0.12990636,changed
1768,141,0.14677249,changed
1769,85,0.12502909,changed
1770,1637,0.11898489,changed
1771,134,0.12913975,changed
1772,448,0.12214257,changed
1773,3124,0.14735803,changed
1774,3841,0.12904024,changed
1775,2306,0.1582582,changed
1776,3251,0.11984658,changed
1777,1658,0.18119039,changed
1778,4062,0.13197725,changed
1779,2197,0.15900283,changed
1780,1508,0.13387242,changed
1781,3890,0.14029428,changed
1782,762,0.13831283,changed
1783,3090,0.1394365,changed
1784,2519,0.11238381,changed
1785,3699,0.12714233,changed
1786,3977,0.13396373,changed
1787,3398,0.14173923,changed
1788,3149,0.12603009,changed
1789,1109,0.14913312,changed
1790,4067,0.1393552,changed
1791,2106,0.14010267,changed
1792,1081,0.13286194,changed
1793,1256,0.12548761,changed
1794,1131,0.16779527,changed
1795,1669,0.1291879,changed
1796,1156,0.12582764,changed
1797,1753,0.15098791,changed
1798,2333,0.13211992,changed
1799,1448,0.14301136,changed
1800,630,0.14374767,changed
1801,1657,0.11644642,changed
1802,3891,0.12771282,changed
1803,3204,0.11038316,changed
1804,549,0.13291892,changed
1805,1385,0.13849205,changed
1806,1703,0.12866114,changed
1807,3347,0.12250964,changed
1808,124,0.13788758,changed
1809,23,0.20991506,changed
1810,496,0.135341,changed
1811,124,0.12908655,changed
1812,3154,0.12069703,changed
1813,2108,0.12693775,changed
1814,1445,0.13519496,changed
1815,3597,0.12244843,changed
1816,373,0.15613961,changed
1817,3922,0.14211878,changed
1818,2574,0.13576263,changed
1819,3913,0.16072038,changed
1820,2815,0.13403882,changed
1821,3992,0.12840146,changed
1822,544,0.11890187,changed
1823,3720,0.116857305,changed
1824,3572,0.13338462,changed
1825,189,0.13758487,changed
1826,647,0.13213003,changed
1827,3945,0.11906338,changed
1828,2185,0.1270182,changed
1829,431,0.119437724,changed
1830,1394,0.122901395,changed
1831,1323,0.13014093,changed
1832,1335,0.114947505,changed
1833,3054,0.1258862,changed
1834,1322,0.19019501,changed
1835,2866,0.13990796,changed
1836,3566,0.14130336,changed
1837,945,0.16281988,changed
1838,57,0.11749996,changed
1839,3905,0.12782456,changed
1840,2105,0.13458152,changed
1841,1145,0.12427288,changed
1842,1341,0.56770337,shifted
1843,3912,0.15919918,changed
1844,3927,0.13329734,changed
1845,2925,0.12094772,changed
1846,3650,0.12779702,changed
1847,3840,0.15683025,changed
1848,1291,0.12334968,changed
1849,1645,0.17734647,changed
1850,1543,0.1338138,changed
1851,2982,0.14930174,changed
1852,577,0.13084483,changed
1853,3682,0.14965366,changed
1854,1701,0.14426164,changed
1855,3670,0.11903088,changed
1856,2878,0.11822103,changed
1857,3700,0.12073608,changed
1858,1151,0.13956647,changed
1859,1916,0.15899716,changed
1860,1176,0.14201427,changed
1861,2034,0.116497755,changed
1862,555,0.13060375,changed
1863,1890,0.12211773,changed
1864,654,0.1150516,changed
1865,3770,0.13167366,changed
1866,716,0.13199037,changed
1867,2371,0.12393078,changed
1868,2970,0.14094308,changed
1869,3908,0.11995471,changed
1870,1623,0.12274279,changed
1871,1406,0.1324723,changed
1872,845,0.119473904,changed
1873,431,0.1328099,changed
1874,896,0.1130736,changed
1875,1470,0.46266025,changed
1876,3399,0.25426358,changed
1877,125,0.12505071,changed
1878,3728,0.1334938,changed
1879,3895,0.116849735,changed
1880,3013,0.14697129,changed
1881,1680,0.1740652,changed
1882,2561,0.13827366,changed
1883,4057,0.12617731,changed
1884,1552,0.12256608,changed
1885,3347,0.21459001,changed
1886,145,0.13021544,changed
1887,2248,0.1160872,changed
1888,132,0.12428194,changed
1889,3317,0.24711725,changed
1890,946,0.19154581,changed
1891,4053,0.13655084,changed
1892,825,0.13263492,changed
1893,3134,0.15014553,changed
1894,1480,0.12717548,changed
1895,1587,0.12597454,changed
1896,1848,0.13988845,changed
1897,1722,0.13204473,changed
1898,816,0.16719577,changed
1899,2257,0.10878175,changed
1900,3431,0.13432418,changed
1901,2117,0.23555678,changed
1902,272,0.12597948,changed
1903,2406,0.13113421,changed
1904,3209,0.13070944,changed
1905,3515,0.12993419,changed
1906,2110,0.12885825,changed
1907,3373,0.13311648,changed
1908,2519,0.13220459,changed
1909,2095,0.124340296,changed
1910,4080,0.13025044,changed
1911,1804,0.12816614,changed
1912,3258,0.14846952,changed
1913,3501,0.12776607,changed
1914,715,0.1190172,changed
1915,2195,0.13059051,changed
1916,2725,0.1476894,changed
1917,2971,0.119832754,changed
1918,2103,0.1149405,changed
1919,3680,0.12084117,changed
1920,2665,0.15712908,changed
1921,371,0.1235424,changed
1922,1776,0.14629471,changed
1923,710,0.12887767,changed
1924,838,0.17625606,changed
1925,2426,0.12853959,changed
1926,3910,0.12005989,changed
1927,2199,0.17198315,changed
1928,462,0.122875005,changed
1929,2842,0.1488531,changed
1930,3350,0.14224526,changed
1931,3452,0.12184158,changed
1932,1981,0.1324062,changed
1933,741,0.2023556,changed
1934,753,0.5226801,shifted
1935,120,0.12056041,changed
1936,137,0.1339045,changed
1937,69,0.12532738,changed
1938,52,0.13567522,changed
1939,1380,0.13606274,changed
1940,1622,0.13589478,changed
1941,456,0.13348508,changed
1942,1624,0.10556042,changed
1943,3632,0.14801872,changed
1944,984,0.11999273,changed
1945,742,0.119225904,changed
1946,1178,0.13770954,changed
1947,765,0.1496261,changed
1948,3350,0.1261828,changed
1949,1571,0.11505805,changed
1950,1059,0.1279096,changed
1951,2581,0.13244362,changed
1952,2175,0.11858804,changed
1953,1615,0.14005323,changed
1954,339,0.11445373,changed
1955,3702,0.12474449,changed
1956,2095,0.522364,shifted
1957,2880,0.14322902,changed
1958,3760,0.12363894,changed
1959,3179,0.13970925,changed
1960,3307,0.14438727,changed
1961,88,0.13583755,changed
1962,2445,0.12863845,changed
1963,2061,0.16989934,changed
1964,2022,0.13761379,changed
1965,1398,0.13107994,changed
1966,312,0.15370077,changed
1967,2728,0.13119856,changed
1968,743,0.13450246,changed
1969,3587,0.12481398,changed
1970,2951,0.12857093,changed
1971,504,0.13303164,changed
1972,1403,0.119899265,changed
1973,713,0.12489461,changed
1974,3544,0.12250516,changed
1975,764,0.17601013,changed
1976,1183,0.13214736,changed
1977,1995,0.124424905,changed
1978,3298,0.13170524,changed
1979,3674,0.24984491,changed
1980,589,0.12763637,changed
1981,4086,0.12363868,changed
1982,3513,0.13092656,changed
1983,304,0.23170906,changed
1984,2279,0.14184098,changed
1985,3826,0.13157752,changed
1986,2767,0.11897018,changed
1987,723,0.13048488,changed
1988,2966,0.13688433,changed
1989,309,0.13691904,changed
1990,1045,0.1274904,changed
1991,3011,0.1408322,changed
1992,2288,0.13527788,changed
1993,1291,0.13673684,changed
1994,1005,0.14179745,changed
1995,3372,0.16976738,changed
1996,1996,0.23536153,changed
1997,2757,0.12852557,changed
1998,3836,0.21383286,changed
1999,3934,0.11928682,changed
2000,120,0.14523345,changed
2001,3654,0.23541154,changed
2002,3239,0.12322345,changed
2003,871,0.13569126,changed
2004,3966,0.13614675,changed
2005,997,0.123635806,changed
2006,2379,0.12744993,changed
2007,41,0.12504496,changed
2008,1804,0.13397193,changed
2009,2194,0.13111378,changed
2010,3111,0.12434323,changed
2011,2683,0.14318842,changed
2012,2887,0.13620709,changed
2013,3954,0.11454144,changed
2014,2446,0.1278589,changed
2015,245,0.14086708,changed
2016,1483,0.22319585,changed
2017,859,0.17769448,changed
2018,105,0.1168658,changed
2019,767,0.12233952,changed
2020,361,0.11897861,changed
2021,2503,0.16522607,changed
2022,1349,0.1323701,changed
2023,761,0.14472817,changed
2024,913,0.12429315,changed
2025,3523,0.12975489,changed
2026,1781,0.12948877,changed
2027,1005,0.13523626,changed
2028,453,0.13415454,changed
2029,1764,0.16400796,changed
2030,317,0.12874274,changed
2031,3834,0.14343041,changed
2032,3045,0.11469896,changed
2033,891,0.1265598,changed
2034,1950,0.12885134,changed
2035,3895,0.11608271,changed
2036,1537,0.121967755,changed
2037,2035,0.12187671,changed
2038,3772,0.12014654,changed
2039,102,0.137523,changed
2040,2037,0.15026605,changed
2041,2568,0.120409675,changed
2042,2073,0.13238947,changed
2043,222,0.1276513,changed
2044,3790,0.10909922,changed
2045,796,0.14266878,changed
2046,796,0.12621978,changed
2047,374,0.1277712,changed
2048,2810,0.1636948,changed
2049,2648,0.14210252,changed
2050,3355,0.14547664,changed
2051,2448,0.12672342,changed
2052,3562,0.13307947,changed
2053,2753,0.15200374,changed
2054,572,0.1555888,changed
2055,1221,0.15879306,changed
2056,1921,0.14261049,changed
2057,1645,0.11820228,changed
2058,2676,0.13491449,changed
2059,1232,0.11265046,changed
2060,276,0.1436287,changed
2061,2171,0.118227705,changed
2062,1956,0.13356619,changed
2063,3262,0.12804262,changed
2064,2443,0.1611656,changed
2065,2954,0.12319034,changed
2066,1995,0.12146825,changed
2067,15,0.13434878,changed
2068,3356,0.122200504,changed
2069,2413,0.13085616,changed
2070,707,0.15073569,changed
2071,739,0.13534129,changed
2072,3777,0.12934859,changed
2073,3012,0.11725361,changed
2074,3301,0.13566558,changed
2075,2425,0.12792054,changed
2076,2492,0.13138205,changed
2077,2220,0.13495809,changed
2078,3050,0.13528086,changed
2079,3001,0.16089642,changed
2080,3090,0.14036836,changed
2081,323,0.12523907,changed
2082,3784,0.13279948,changed
2083,2810,0.182562,changed
2084,3193,0.13219284,changed
2085,1750,0.12910336,changed
2086,860,0.114923164,changed
2087,1679,0.13373715,changed
2088,306,0.14140229,changed
2089,3828,0.14687866,changed
2090,2677,0.14315796,changed
2091,2051,0.11550637,changed
2092,844,0.12746975,changed
2093,3723,0.12973353,changed
2094,569,0.11345796,changed
2095,3217,0.12945566,changed
2096,1460,0.14413133,changed
2097,1551,0.12080732,changed
2098,589,0.12065002,changed
2099,192,0.12558259,changed
2100,1898,0.14806803,changed
2101,1998,0.119600594,changed
2102,2946,0.15871942,changed
2103,665,0.13423494,changed
2104,2903,0.19521096,changed
2105,1551,0.15861191,changed
2106,3283,0.1133405,changed
2107,2488,0.16172893,changed
2108,2516,0.117353134,changed
2109,739,0.2584492,changed
2110,2910,0.16249295,changed
2111,4094,0.16126367,changed
2112,3677,0.12075251,changed
2113,2403,0.14161056,changed
2114,1803,0.12335601,changed
2115,269,0.11337504,changed
2116,3310,0.12954561,changed
2117,324,0.12529698,changed
2118,3478,0.12647405,changed
2119,1710,0.13509296,changed
2120,3625,0.1317515,changed
2121,2959,0.13770825,changed
2122,249,0.12610412,changed
2123,2851,0.21342292,changed
2124,1248,0.12306347,changed
2125,1298,0.118538976,changed
2126,2500,0.11152424,changed
2127,1834,0.14093927,changed
2128,2905,0.20935723,changed
2129,3911,0.12365322,changed
2130,874,0.26886588,changed
2131,1271,0.13754298,changed
2132,3606,0.13416249,changed
2133,1811,0.13565731,changed
2134,2082,0.13677019,changed
2135,3854,0.120489776,changed
2136,2570,0.14490117,changed
2137,2522,0.119613424,changed
2138,1921,0.1415041,changed
2139,2690,0.15358818,changed
2140,3220,0.14722237,changed
2141,1364,0.16630867,changed
2142,1709,0.13069773,changed
2143,3103,0.14811912,changed
2144,3317,0.20553884,changed
2145,3997,0.1202663,changed
2146,436,0.13456646,changed
2147,1233,0.12546536,changed
2148,803,0.15330361,changed
2149,240,0.11981845,changed
2150,190,0.45121092,changed
2151,858,0.12453901,changed
2152,1413,0.1325947,changed
2153,3442,0.14341232,changed
2154,1601,0.1317728,changed
2155,3728,0.10976989,changed
2156,0,0.123568155,changed
2157,3955,0.13617821,changed
2158,3938,0.1251576,changed
2159,3006,0.12450673,changed
2160,280,0.13309953,changed
2161,1458,0.14398983,changed
2162,2480,0.22343582,changed
2163,970,0.12247446,changed
2164,3411,0.12686539,changed
2165,797,0.13074386,changed
2166,2685,0.12304962,changed
2167,956,0.13997456,changed
2168,623,0.24847326,changed
2169,1623,0.1448759,changed
2170,956,0.118732095,changed
2171,884,0.13118635,changed
2172,3496,0.11931521,changed
2173,2964,0.1364158,changed
2174,3082,0.14470303,changed
2175,2868,0.121929616,changed
2176,1212,0.34424275,changed
2177,2022,0.1213717,changed
2178,267,0.11943604,changed
2179,2775,0.12535013,changed
2180,165,0.11806136,changed
2181,3369,0.12247404,changed
2182,4074,0.137423,changed
2183,2627,0.13570479,changed
2184,3734,0.1402005,changed
2185,3848,0.13834196,changed
2186,3814,0.12948647,changed
2187,2905,0.14194512,changed
2188,2848,0.12196311,changed
2189,1300,0.11816846,changed
2190,2893,0.14462306,changed
2191,140,0.12597124,changed
2192,719,0.13230383,changed
2193,3287,0.13389854,changed
2194,463,0.12874326,changed
2195,1091,0.13131009,changed
2196,260,0.124411985,changed
2197,1875,0.1239528,changed
2198,4034,0.14005232,changed
2199,659,0.13393736,changed
2200,1968,0.12740538,changed
2201,1332,0.16236131,changed
2202,2223,0.13947946,changed
2203,987,0.13604349,changed
2204,778,0.13883817,changed
2205,1526,0.12752616,changed
2206,2945,0.158998,changed
2207,179,0.12497052,changed
2208,1392,0.12893614,changed
2209,3030,0.14148983,changed
2210,4001,0.12973157,changed
2211,496,0.13091248,changed
2212,2497,0.12906459,changed
2213,48,0.11985049,changed
2214,2310,0.25020367,changed
2215,2552,0.1146438,changed
2216,355,0.1501286,changed
2217,2629,0.120266795,changed
2218,74,0.11953816,changed
2219,3628,0.12527516,changed
2220,1476,0.12681799,changed
2221,2031,0.120736256,changed
2222,2439,0.14940763,changed
2223,394,0.12881625,changed
2224,2499,0.1168066,changed
2225,3915,0.11164158,changed
2226,1989,0.24613367,changed
2227,1188,0.14239852,changed
2228,684,0.1196349,changed
2229,1348,0.118025,changed
2230,1985,0.1219187,changed
2231,1311,0.12076153,changed
2232,3026,0.14235681,changed
2233,2934,0.13254166,changed
2234,992,0.12281744,changed
2235,815,0.14860421,changed
2236,484,0.17003047,changed
2237,1688,0.12751539,changed
2238,560,0.12384787,changed
2239,2990,0.14589712,changed
2240,1355,0.13531566,changed
2241,1364,0.12676814,changed
2242,2566,0.12181915,changed
2243,124,0.14873444,changed
2244,3391,0.19441837,changed
2245,3599,0.14209963,changed
2246,3069,0.12832956,changed
2247,3791,0.13777651,changed
2248,3511,0.13554353,changed
2249,618,0.15449977,changed
2250,1381,0.13567993,changed
2251,2727,0.1360455,changed
2252,140,0.12580809,changed
2253,1204,0.11998938,changed
2254,2501,0.14870895,changed
2255,1774,0.11744048,changed
2256,1267,0.11823475,changed
2257,2977,0.12399118,changed
2258,562,0.15294506,changed
2259,1142,0.15460964,changed
2260,1820,0.1515435,changed
2261,2165,0.12212983,changed
2262,3660,0.453269,changed
2263,3116,0.1207622,changed
2264,1623,0.14062561,changed
2265,3587,0.14017905,changed
2266,2031,0.13040027,changed
2267,3361,0.14068888,changed
2268,689,0.119206145,changed
2269,2061,0.1731054,changed
2270,775,0.12622625,changed
2271,849,0.13066569,changed
2272,2624,0.13678484,changed
2273,1618,0.13892496,changed
2274,2916,0.13273025,changed
2275,2144,0.13812134,changed
2276,2991,0.12837577,changed
2277,2642,0.1291178,changed
2278,652,0.14233172,changed
2279,2261,0.15031695,changed
2280,169,0.14430547,changed
2281,2526,0.11922735,changed
2282,2263,0.1844198,changed
2283,1676,0.11783194,changed
2284,2942,0.11880554,changed
2285,389,0.1177271,changed
2286,1809,0.18099925,changed
2287,3590,0.12712866,changed
2288,2410,0.13184676,changed
2289,3009,0.12961645,changed
2290,1049,0.13686854,changed
2291,3333,0.42132628,changed
2292,566,0.13065861,changed
2293,877,0.12674484,changed
2294,185,0.13038063,changed
2295,284,0.15076095,changed
2296,608,0.12604658,changed
2297,709,0.14223476,changed
2298,2184,0.14774965,changed
2299,3286,0.119740896,changed
2300,2357,0.15245034,changed
2301,2184,0.14092511,changed
2302,1935,0.13366722,changed
2303,1701,0.12750328,changed
2304,547,0.12036661,changed
2305,1462,0.15266788,changed
2306,3991,0.1296983,changed
2307,1341,0.13530818,changed
2308,3666,0.16097057,changed
2309,3899,0.13277851,changed
2310,1196,0.122524984,changed
2311,883,0.11922951,changed
2312,806,0.12948972,changed
2313,843,0.12571703,changed
2314,3355,0.11718126,changed
2315,1083,0.12412514,changed
2316,1398,0.14625247,changed
2317,269,0.14477372,changed
2318,2442,0.120559186,changed
2319,1116,0.12578365,changed
2320,3578,0.13306281,changed
2321,1256,0.12826654,changed
2322,3908,0.13945536,changed
2323,1332,0.11465217,changed
2324,2307,0.12862138,changed
2325,753,0.18617864,changed
2326,86,0.161051,changed
2327,2687,0.118067324,changed
2328,929,0.12678266,changed
2329,3390,0.116853386,changed
2330,1970,0.12910855,changed
2331,23,0.14668597,changed
2332,1529,0.13080552,changed
2333,883,0.14885183,changed
2334,2071,0.15832925,changed
2335,2396,0.14576478,changed
2336,856,0.15386933,changed
2337,3847,0.1377729,changed
2338,1162,0.14805943,changed
2339,376,0.15453188,changed
2340,683,0.11668855,changed
2341,342,0.12990648,changed
2342,3781,0.12832093,changed
2343,3418,0.16267276,changed
2344,2338,0.12979189,changed
2345,2645,0.12966827,changed
2346,3055,0.119976245,changed
2347,946,0.19225758,changed
2348,1981,0.15529928,changed
2349,2419,0.11823583,changed
2350,3795,0.13190672,changed
2351,2766,0.13742027,changed
2352,778,0.1356957,changed
2353,1454,0.12682012,changed
2354,2056,0.12542702,changed
2355,739,0.15029813,changed
2356,2298,0.13828385,changed
2357,811,0.13658118,changed
2358,812,0.17122081,changed
2359,1522,0.12859356,changed
2360,4058,0.1427582,changed
2361,3569,0.16716069,changed
2362,928,0.13583916,changed
2363,2725,0.13678433,changed
2364,2645,0.12325369,changed
2365,3236,0.11483435,changed
2366,10,0.13693036,changed
2367,328,0.14352629,changed
2368,1627,0.14526516,changed
2369,3852,0.12487458,changed
2370,940,0.12393791,changed
2371,3989,0.15150812,changed
2372,2923,0.13175717,changed
2373,907,0.13469034,changed
2374,4007,0.13182634,changed
2375,3636,0.13062727,changed
2376,3230,0.124045596,changed
2377,1416,0.1445983,changed
2378,3280,0.17350915,changed
2379,3100,0.13106321,changed
2380,2417,0.13257444,changed
2381,2570,0.1198977,changed
2382,1823,0.123567425,changed
2383,2184,0.13741279,changed
2384,1532,0.121232875,changed
2385,3742,0.11368944,changed
2386,2499,0.16144839,changed
2387,4053,0.15132509,changed
2388,2645,0.1236961,changed
2389,1276,0.15839016,changed
2390,2871,0.16086544,changed
2391,2413,0.12300213,changed
2392,1780,0.11847398,changed
2393,1012,0.12274422,changed
2394,1581,0.14350449,changed
2395,1060,0.13518995,changed
2396,1855,0.12052877,changed
2397,1808,0.12246719,changed
2398,990,0.20702064,changed
2399,2335,0.13685465,changed
2400,3698,0.1779896,changed
2401,2620,0.14930837,changed
2402,797,0.111599,changed
2403,1732,0.14561531,changed
2404,3377,0.12518711,changed
2405,1215,0.13694605,changed
2406,1227,0.12607545,changed
2407,3286,0.13553979,changed
2408,1426,0.38071162,changed
2409,2975,0.12082091,changed
2410,252,0.13678366,changed
2411,2490,0.1240149,changed
2412,841,0.12416534,changed
2413,1498,0.13624868,changed
2414,2839,0.21957062,changed
2415,2148,0.14715843,changed
2416,748,0.12727968,changed
2417,459,0.14684355,changed
2418,1493,0.1328463,changed
2419,3636,0.12833802,changed
2420,3581,0.1250162,changed
2421,3032,0.1518122,changed
2422,1572,0.14280522,changed
2423,1361,0.120394595,changed
2424,269,0.12321884,changed
2425,2361,0.13286307,changed
2426,3730,0.12315373,changed
2427,1015,0.1415967,changed
2428,3225,0.13949335,changed
2429,351,0.12702563,changed
2430,3980,0.1347283,changed
2431,1501,0.17390877,changed
2432,3355,0.14435992,changed
2433,2637,0.13363324,changed
2434,1595,0.13289644,changed
2435,1212,0.27775508,changed
2436,734,0.11636293,changed
2437,3142,0.11782923,changed
2438,754,0.14118609,changed
2439,491,0.12569284,changed
2440,1852,0.14594214,changed
2441,3764,0.12221205,changed
2442,4053,0.15248923,changed
2443,2789,0.13495974,changed
2444,1764,0.1396289,changed
2445,3235,0.16304976,changed
2446,1567,0.12291063,changed
2447,484,0.12349044,changed
2448,84,0.12293036,changed
2449,803,0.1265401,changed
2450,3758,0.13604566,changed
2451,3105,0.11297786,changed
2452,504,0.117121056,changed
2453,2205,0.12952676,changed
2454,2513,0.12786023,changed
2455,2687,0.13691562,changed
2456,2184,0.14845231,changed
2457,300,0.12856504,changed
2458,4061,0.1315229,changed
2459,3981,0.13959056,changed
2460,2187,0.13881691,changed
2461,464,0.12761718,changed
2462,375,0.129484,changed
2463,1390,0.12252617,changed
2464,2682,0.14645562,changed
2465,1598,0.13633317,changed
2466,3396,0.16181223,changed
2467,1521,0.11780307,changed
2468,272,0.16261615,changed
2469,5,0.1282383,changed
2470,574,0.14421973,changed
2471,1246,0.1272085,changed
2472,542,0.12382823,changed
2473,1910,0.13432746,changed
2474,1627,0.12886134,changed
2475,592,0.16276892,changed
2476,893,0.14012295,changed
2477,1005,0.15743706,changed
2478,2475,0.13673261,changed
2479,458,0.16406164,changed
2480,2577,0.123989284,changed
2481,3516,0.15076067,changed
2482,636,0.1387805,changed
2483,490,0.1295397,changed
2484,2427,0.120356515,changed
2485,2015,0.16669247,changed
2486,3912,0.13748784,changed
2487,2573,0.12488009,changed
2488,988,0.1335115,changed
2489,3843,0.121576846,changed
2490,3888,0.13175333,changed
2491,909,0.13171273,changed
2492,3672,0.13398767,changed
2493,1398,0.14049116,changed
2494,2167,0.13032797,changed
2495,3504,0.12084278,changed
2496,943,0.12645814,changed
2497,2647,0.13541052,changed
2498,1741,0.1106856,changed
2499,282,0.13255355,changed
2500,3301,0.108533025,changed
2501,3115,0.1202354,changed
2502,2127,0.14655727,changed
2503,4048,0.122221895,changed
2504,552,0.13799798,changed
2505,3003,0.13605954,changed
2506,1292,0.23680025,changed
2507,3496,0.124208026,changed
2508,3309,0.13133967,changed
2509,730,0.11051729,changed
2510,2207,0.1146417,changed
2511,182,0.13775787,changed
2512,2443,0.12582964,changed
2513,1408,0.12842895,changed
2514,386,0.13587043,changed
2515,54,0.13577765,changed
2516,3518,0.13850847,changed
2517,52,0.14299765,changed
2518,3343,0.14227349,changed
2519,803,0.157794,changed
2520,940,0.13556069,changed
2521,1374,0.115250885,changed
2522,983,0.12737988,changed
2523,2814,0.121092565,changed
2524,1887,0.13530673,changed
2525,3181,0.13039716,changed
2526,2728,0.10420391,changed
2527,1462,0.123747185,changed
2528,871,0.14201,changed
2529,2810,0.1612547,changed
2530,2144,0.115316875,changed
2531,3350,0.13386048,changed
2532,39,0.11342577,changed
2533,3863,0.12630014,changed
2534,384,0.1413694,changed
2535,3691,0.12848547,changed
2536,4037,0.14864227,changed
2537,2992,0.13180973,changed
2538,2389,0.18898039,changed
2539,3410,0.14870745,changed
2540,2758,0.12659146,changed
2541,349,0.14566594,changed
2542,222,0.12767214,changed
2543,4072,0.12502512,changed
2544,2184,0.15071711,changed
2545,1763,0.49508083,changed
2546,3127,0.13899848,changed
2547,3951,0.1331104,changed
2548,1512,0.13896747,changed
2549,1475,0.13320065,changed
2550,1710,0.13788663,changed
2551,112,0.13438286,changed
2552,88,0.13268141,changed
2553,341,0.14230253,changed
2554,3473,0.13686109,changed
2555,2839,0.17192334,changed
2556,2500,0.12013142,changed
2557,3343,0.13350818,changed
2558,3513,0.14255117,changed
2559,4023,0.13021354,changed
2560,3574,0.14075282,changed
2561,167,0.13594417,changed
2562,1618,0.19363008,changed
2563,3607,0.13382427,changed
2564,1185,0.12789245,changed
2565,2331,0.123222455,changed
2566,2872,0.29161286,changed
2567,2550,0.13710153,changed
2568,3819,0.124547094,changed
2569,570,0.13332349,changed
2570,716,0.14317837,changed
2571,513,0.12417792,changed
2572,74,0.1474399,changed
2573,1590,0.11006631,changed
2574,4093,0.13900572,changed
2575,3875,0.13576597,changed
2576,472,0.13509497,changed
2577,107,0.1120162,changed
2578,1725,0.15297978,changed
2579,208,0.121500045,changed
2580,2329,0.13768335,changed
2581,2927,0.1244005,changed
2582,659,0.12138715,changed
2583,2501,0.116690256,changed
2584,1015,0.1459506,changed
2585,845,0.13266477,changed
2586,3253,0.14092757,changed
2587,2417,0.1292147,changed
2588,339,0.12710536,changed
2589,2349,0.1468359,changed
2590,3320,0.13726924,changed
2591,3081,0.12490117,changed
2592,3623,0.113198355,changed
2593,1939,0.13806376,changed
2594,1672,0.12013462,changed
2595,1333,0.14680988,changed
2596,2879,0.11656061,changed
2597,4004,0.15232916,changed
2598,3352,0.13408557,changed
2599,2151,0.13096052,changed
2600,3424,0.14761886,changed
2601,1839,0.1290383,changed
2602,27,0.13463897,changed
2603,3485,0.12409811,changed
2604,918,0.16505337,changed
2605,551,0.14550927,changed
2606,3180,0.11625914,changed
2607,1676,0.12563497,changed
2608,302,0.13635203,changed
2609,1310,0.13212179,changed
2610,3472,0.11996203,changed
2611,3459,0.13104506,changed
2612,3927,0.12820964,changed
2613,2172,0.12268236,changed
2614,2789,0.1342001,changed
2615,1076,0.12497765,changed
2616,2615,0.117628425,changed
2617,4053,0.4763828,changed
2618,3180,0.13737768,changed
2619,462,0.15993153,changed
2620,3271,0.1852198,changed
2621,1444,0.11125608,changed
2622,3877,0.13975868,changed
2623,2927,0.11852263,changed
2624,2820,0.13610296,changed
2625,1817,0.13090287,changed
2626,2375,0.120326,changed
2627,1454,0.12169637,changed
2628,842,0.13292834,changed
2629,3402,0.12030946,changed
2630,3352,0.17520219,changed
2631,1507,0.12508017,changed
2632,3044,0.1421794,changed
2633,2096,0.34951717,changed
2634,279,0.13529126,changed
2635,562,0.16826864,changed
2636,2670,0.14067224,changed
2637,1727,0.124010816,changed
2638,2227,0.15209252,changed
2639,1147,0.13295956,changed
2640,879,0.13486378,changed
2641,3143,0.12726009,changed
2642,3839,0.12357208,changed
2643,3333,0.26417723,changed
2644,3388,0.12687983,changed
2645,2789,0.15459052,changed
2646,2001,0.15198848,changed
2647,646,0.14476275,changed
2648,940,0.1318799,changed
2649,2852,0.113204345,changed
2650,1401,0.16203947,changed
2651,2632,0.12461957,changed
2652,715,0.1494847,changed
2653,3294,0.14004059,changed
2654,2499,0.11520405,changed
2655,2432,0.11461508,changed
2656,1399,0.12668106,changed
2657,2628,0.12714791,changed
2658,2788,0.124310255,changed
2659,1108,0.18749565,changed
2660,2984,0.120231524,changed
2661,946,0.14850213,changed
2662,3081,0.12868176,changed
2663,168,0.13019672,changed
2664,3328,0.1410208,changed
2665,1788,0.1413864,changed
2666,120,0.12572475,changed
2667,975,0.14287741,changed
2668,2992,0.1511825,changed
2669,206,0.111883625,changed
2670,3003,0.12941092,changed
2671,3228,0.113725826,changed
2672,3919,0.13488866,changed
2673,232,0.13522637,changed
2674,3661,0.129321,changed
2675,552,0.13106757,changed
2676,874,0.15772767,changed
2677,3559,0.13857833,changed
2678,3619,0.1309935,changed
2679,711,0.14142376,changed
2680,2053,0.128069,changed
2681,3841,0.12930295,changed
2682,2563,0.1468733,changed
2683,28,0.12672532,changed
2684,3966,0.12053594,changed
2685,3223,0.14955774,changed
2686,3117,0.13755795,changed
2687,3298,0.11588045,changed
2688,3466,0.13544878,changed
2689,3190,0.13152975,changed
2690,4004,0.14491466,changed
2691,2679,0.14023486,changed
2692,1236,0.13454396,changed
2693,408,0.14618962,changed
2694,1341,0.16569066,changed
2695,1706,0.4586878,changed
2696,4017,0.13216744,changed
2697,3870,0.12281377,changed
2698,552,0.1215471,changed
2699,2004,0.15362063,changed
2700,830,0.13364477,changed
2701,987,0.17220484,changed
2702,2187,0.12317753,changed
2703,2722,0.1564179,changed
2704,3841,0.14786345,changed
2705,2839,0.251788,changed
2706,1537,0.11192191,changed
2707,2683,0.147466,changed
2708,3155,0.12557808,changed
2709,2921,0.122682914,changed
2710,1349,0.1288199,changed
2711,3326,0.16698498,changed
2712,1689,0.12601706,changed
2713,3847,0.15443087,changed
2714,732,0.1438197,changed
2715,3166,0.12777025,changed
2716,3830,0.12815344,changed
2717,1991,0.15091345,changed
2718,3427,0.120918095,changed
2719,2298,0.11786652,changed
2720,2322,0.12459776,changed
2721,839,0.1160468,changed
2722,2810,0.1529292,changed
2723,3645,0.12012614,changed
2724,2534,0.14073789,changed
2725,1760,0.11781469,changed
2726,3325,0.1260702,changed
2727,1796,0.14065845,changed
2728,753,0.18413025,changed
2729,4055,0.14229049,changed
2730,870,0.1340101,changed
2731,1577,0.12995267,changed
2732,2417,0.12531851,changed
2733,1979,0.12568472,changed
2734,1707,0.11703654,changed
2735,740,0.13022925,changed
2736,2285,0.15497069,changed
2737,2061,0.28685915,changed
2738,614,0.1503277,changed
2739,285,0.13768971,changed
2740,1493,0.1256595,changed
2741,326,0.12697327,changed
2742,1799,0.13035394,changed
2743,3003,0.12594582,changed
2744,3022,0.13204002,changed
2745,3239,0.11172719,changed
2746,1685,0.12997839,changed
2747,1200,0.12629203,changed
2748,3794,0.14654222,changed
2749,3895,0.122555606,changed
2750,2904,0.12908128,changed
2751,2093,0.12276501,changed
2752,1956,0.14149073,changed
2753,3278,0.112471245,changed
2754,1690,0.1275678,changed
2755,1537,0.13626796,changed
2756,661,0.20938581,changed
2757,1535,0.11762643,changed
2758,1604,0.13416412,changed
2759,1029,0.12453135,changed
2760,3395,0.12377768,changed
2761,1968,0.1473514,changed
2762,1462,0.12558058,changed
2763,1790,0.12122751,changed
2764,1871,0.12269154,changed
2765,2671,0.13178733,changed
2766,479,0.15290931,changed
2767,1758,0.14284733,changed
2768,2226,0.12514955,changed
2769,208,0.14427389,changed
2770,2042,0.111823596,changed
2771,343,0.13419521,changed
2772,1493,0.1332236,changed
2773,2705,0.118964076,changed
2774,2836,0.12386583,changed
2775,898,0.11983429,changed
2776,2273,0.14210585,changed
2777,2022,0.19004676,changed
2778,3712,0.1377041,changed
2779,3831,0.12443723,changed
2780,658,0.12351924,changed
2781,4051,0.118863165,changed
2782,3038,0.1425128,changed
2783,2351,0.16729856,changed
2784,3352,0.42973,changed
2785,2873,0.1326066,changed
2786,3755,0.11527088,changed
2787,1886,0.119921,changed
2788,0,0.14043836,changed
2789,2209,0.13544257,changed
2790,1191,0.14258648,changed
2791,3061,0.22250637,changed
2792,3919,0.13630855,changed
2793,3058,0.12510099,changed
2794,2696,0.12975909,changed
2795,1082,0.114279106,changed
2796,478,0.123229876,changed
2797,971,0.12021944,changed
2798,711,0.12690024,changed
2799,1109,0.12396762,changed
2800,3825,0.15953223,changed
2801,1280,0.14943181,changed
2802,2015,0.1305439,changed
2803,3585,0.15043435,changed
2804,858,0.12547824,changed
2805,3322,0.14290126,changed
2806,711,0.1438534,changed
2807,2095,0.2673924,changed
2808,921,0.13534416,changed
2809,358,0.13107443,changed
2810,1701,0.12666126,changed
2811,3663,0.23149878,changed
2812,2234,0.13029039,changed
2813,3642,0.1298182,changed
2814,1062,0.114216164,changed
2815,500,0.11577724,changed
2816,2691,0.14625749,changed
2817,1596,0.16203919,changed
2818,426,0.13145927,changed
2819,1192,0.12074044,changed
2820,1095,0.120552786,changed
2821,2610,0.16665426,changed
2822,291,0.13169692,changed
2823,1878,0.13176824,changed
2824,534,0.114992045,changed
2825,3753,0.118382365,changed
2826,2476,0.13950644,changed
2827,3091,0.14115041,changed
2828,1156,0.13681036,changed
2829,1638,0.13463435,changed
2830,2032,0.12273639,changed
2831,2251,0.13090786,changed
2832,25,0.14138857,changed
2833,434,0.12574121,changed
2834,3477,0.15483576,changed
2835,2263,0.20074669,changed
2836,1464,0.51748204,shifted
2837,2194,0.14324439,changed
2838,2866,0.15954532,changed
2839,1151,0.1255323,changed
2840,264,0.1249991,changed
2841,3654,0.2611063,changed
2842,1680,0.11346561,changed
2843,4005,0.113338746,changed
2844,1665,0.1354039,changed
2845,814,0.37836957,changed
2846,2485,0.13070509,changed
2847,3695,0.14653471,changed
2848,337,0.13274512,changed
2849,535,0.13580717,changed
2850,2310,0.18371545,changed
2851,929,0.12889856,changed
2852,3064,0.119839795,changed
2853,748,0.13270482,changed
2854,1326,0.12872857,changed
2855,2095,0.1270037,changed
2856,3609,0.12144774,changed
2857,2162,0.12728211,changed
2858,3996,0.12402319,changed
2859,1170,0.12009269,changed
2860,124,0.30113685,changed
2861,4079,0.11419888,changed
2862,82,0.1277928,changed
2863,2851,0.16335662,changed
2864,2049,0.12123555,changed
2865,2989,0.14288089,changed
2866,3591,0.1411046,changed
2867,1341,0.25689122,changed
2868,3072,0.15030158,changed
2869,4008,0.1307947,changed
2870,3604,0.119757846,changed
2871,2482,0.14577502,changed
2872,3869,0.13479199,changed
2873,3226,0.13607407,changed
2874,1382,0.12111888,changed
2875,3664,0.12653244,changed
2876,840,0.13636589,changed
2877,1276,0.145304,changed
2878,1471,0.13514367,changed
2879,1239,0.123338535,changed
2880,2514,0.33791053,changed
2881,1934,0.15704495,changed
2882,1741,0.12270334,changed
2883,1708,0.13082162,changed
2884,1933,0.11992672,changed
2885,3013,0.14045525,changed
2886,1538,0.14727058,changed
2887,983,0.13226065,changed
2888,2684,0.12422216,changed
2889,3707,0.15434134,changed
2890,3793,0.13757545,changed
2891,335,0.13937607,changed
2892,414,0.12863082,changed
2893,2128,0.13793637,changed
2894,2,0.13501175,changed
2895,1695,0.11281656,changed
2896,1389,0.12829667,changed
2897,3659,0.1612521,changed
2898,1657,0.117637515,changed
2899,2261,0.16203658,changed
2900,2643,0.13896662,changed
2901,3857,0.12991613,changed
2902,2701,0.14180486,changed
2903,3858,0.13090098,changed
2904,58,0.13876876,changed
2905,2642,0.13328023,changed
2906,371,0.13187024,changed
2907,2845,0.12934813,changed
2908,438,0.38112995,changed
2909,397,0.13510117,changed
2910,1450,0.13972935,changed
2911,1873,0.12773368,changed
2912,509,0.13727579,changed
2913,3143,0.12470925,changed
2914,3658,0.1072018,changed
2915,1493,0.13452259,changed
2916,3984,0.13211487,changed
2917,15,0.13746026,changed
2918,915,0.13914704,changed
2919,1117,0.11140616,changed
2920,1581,0.14567217,changed
2921,3981,0.16432342,changed
2922,2215,0.11945525,changed
2923,2922,0.10577375,changed
2924,2276,0.14238518,changed
2925,2350,0.12939665,changed
2926,1986,0.1357442,changed
2927,1762,0.12688497,changed
2928,3356,0.13434719,changed
2929,3207,0.13389647,changed
2930,3816,0.1416875,changed
2931,2266,0.12453918,changed
2932,877,0.14132984,changed
2933,712,0.13505965,changed
2934,2060,0.13017705,changed
2935,182,0.13376758,changed
2936,2893,0.1635018,changed
2937,752,0.12545073,changed
2938,1134,0.14219815,changed
2939,2310,0.22777855,changed
2940,566,0.15143444,changed
2941,554,0.12552936,changed
2942,3637,0.2308803,changed
2943,2820,0.13154878,changed
2944,3660,0.16578963,changed
2945,3557,0.13769571,changed
2946,139,0.12643103,changed
2947,338,0.15220408,changed
2948,563,0.12302944,changed
2949,1804,0.1359297,changed
2950,319,0.11661079,changed
2951,4020,0.11994473,changed
2952,3288,0.12414826,changed
2953,3165,0.14442627,changed
2954,2128,0.13801566,changed
2955,3449,0.26478016,changed
2956,4040,0.115120515,changed
2957,2184,0.33122104,changed
2958,1434,0.123165235,changed
2959,1852,0.13603473,changed
2960,3261,0.13175744,changed
2961,3222,0.13018149,changed
2962,1735,0.13142395,changed
2963,1833,0.1328591,changed
2964,918,0.12389575,changed
2965,3718,0.122638226,changed
2966,1068,0.1684949,changed
2967,1194,0.110472396,changed
2968,1243,0.12101652,changed
2969,2633,0.12544903,changed
2970,2581,0.1602166,changed
2971,3080,0.12311508,changed
2972,874,0.34646726,changed
2973,1341,0.20763704,changed
2974,1355,0.13639276,changed
2975,3561,0.11709423,changed
2976,1706,0.12873787,changed
2977,4049,0.118229,changed
2978,1099,0.33477682,changed
2979,2000,0.13199581,changed
2980,1349,0.12280098,changed
2981,2863,0.1197845,changed
2982,1230,0.12831028,changed
2983,1015,0.19464986,changed
2984,3060,0.22409919,changed
2985,2462,0.11513293,changed
2986,3638,0.13393736,changed
2987,3640,0.13464923,changed
2988,2834,0.1285341,changed
2989,3082,0.12384131,changed
2990,224,0.17710814,changed
2991,2693,0.12731573,changed
2992,1288,0.36804998,changed
2993,3549,0.2931785,changed
2994,205,0.14029038,changed
2995,4052,0.12278488,changed
2996,3115,0.11608288,changed
2997,2625,0.13206986,changed
2998,1440,0.12820315,changed
2999,1998,0.13167432,changed
3000,215,0.110944346,changed
3001,4056,0.124403,changed
3002,3532,0.1258009,changed
3003,3054,0.12444544,changed
3004,3676,0.14229414,changed
3005,2223,0.17197272,changed
3006,1675,0.12635463,changed
3007,1177,0.13286777,changed
3008,918,0.11894947,changed
3009,3214,0.19536312,changed
3010,1023,0.14775962,changed
3011,1501,0.13719673,changed
3012,2037,0.13632944,changed
3013,2810,0.13188052,changed
3014,2289,0.13168372,changed
3015,3988,0.14108993,changed
3016,3295,0.1430996,changed
3017,3337,0.11970787,changed
3018,424,0.112792075,changed
3019,671,0.12898855,changed
3020,2131,0.16320816,changed
3021,3920,0.135196,changed
3022,569,0.12889111,changed
3023,3825,0.13655305,changed
3024,703,0.14435518,changed
3025,3411,0.12155437,changed
3026,165,0.12483598,changed
3027,599,0.1294284,changed
3028,2905,0.22614595,changed
3029,3317,0.12451743,changed
3030,3256,0.1393681,changed
3031,1402,0.13550021,changed
3032,4071,0.12934303,changed
3033,3477,0.118273534,changed
3034,1207,0.12107254,changed
3035,1992,0.11450882,changed
3036,3801,0.13134077,changed
3037,3759,0.14297026,changed
3038,22,0.12670076,changed
3039,3954,0.1442861,changed
3040,3667,0.12308368,changed
3041,404,0.13525131,changed
3042,955,0.14377132,changed
3043,640,0.111523144,changed
3044,1161,0.13255167,changed
3045,3978,0.13027737,changed
3046,1867,0.118356645,changed
3047,1681,0.12575553,changed
3048,3984,0.14205448,changed
3049,2670,0.13336387,changed
3050,11,0.1377165,changed
3051,1724,0.13748989,changed
3052,2762,0.14160207,changed
3053,1092,0.119147405,changed
3054,3934,0.11922344,changed
3055,447,0.15150069,changed
3056,315,0.14682345,changed
3057,1899,0.15287676,changed
3058,658,0.13044164,changed
3059,1521,0.121959224,changed
3060,2523,0.1211788,changed
3061,530,0.12519789,changed
3062,180,0.12577192,changed
3063,1765,0.14193372,changed
3064,3638,0.14567006,changed
3065,3805,0.14855126,changed
3066,685,0.13638881,changed
3067,2019,0.13304047,changed
3068,1793,0.12358646,changed
3069,3362,0.1400573,changed
3070,859,0.14041911,changed
3071,2015,0.14149018,changed
3072,2935,0.14049974,changed
3073,111,0.13705046,changed
3074,2223,0.13408014,changed
3075,2536,0.13130596,changed
3076,3432,0.13458699,changed
3077,803,0.13160212,changed
3078,1999,0.11463021,changed
3079,2670,0.13928983,changed
3080,451,0.1454377,changed
3081,1057,0.13044913,changed
3082,3391,0.13065208,changed
3083,890,0.13253215,changed
3084,2374,0.12823817,changed
3085,3684,0.123601764,changed
3086,2073,0.1274899,changed
3087,3946,0.13255739,changed
3088,1944,0.14798021,changed
3089,1656,0.13193372,changed
3090,2078,0.12313552,changed
3091,1956,0.12410186,changed
3092,903,0.18887785,changed
3093,1134,0.12664397,changed
3094,2449,0.12306298,changed
3095,2719,0.14345369,changed
3096,205,0.13596946,changed
3097,562,0.23183851,changed
3098,509,0.14557202,changed
3099,1499,0.1587685,changed
3100,3279,0.132069,changed
3101,1328,0.12631221,changed
3102,2426,0.15849404,changed
3103,28,0.12922479,changed
3104,3768,0.12141944,changed
3105,3227,0.12885642,changed
3106,3341,0.11704074,changed
3107,1273,0.113475904,changed
3108,241,0.1448833,changed
3109,320,0.13377677,changed
3110,420,0.12915923,changed
3111,2435,0.12004685,changed
3112,3989,0.123612784,changed
3113,3403,0.142793,changed
3114,646,0.13983123,changed
3115,1590,0.19964789,changed
3116,2827,0.12969917,changed
3117,2628,0.16676062,changed
3118,4086,0.123845875,changed
3119,1004,0.121831834,changed
3120,3732,0.14364527,changed
3121,3413,0.12904438,changed
3122,84,0.17128015,changed
3123,2969,0.15020332,changed
3124,2133,0.12202917,changed
3125,3479,0.11252082,changed
3126,1113,0.119925946,changed
3127,689,0.12263985,changed
3128,3956,0.13182324,changed
3129,2967,0.1448184,changed
3130,1108,0.13110241,changed
3131,3057,0.12922058,changed
3132,2426,0.18099543,changed
3133,3100,0.13627827,changed
3134,3871,0.11746195,changed
3135,3823,0.14510465,changed
3136,3651,0.11776309,changed
3137,3902,0.14536779,changed
3138,562,0.23303455,changed
3139,1062,0.14997995,changed
3140,76,0.15061086,changed
3141,2401,0.1328196,changed
3142,950,0.1270705,changed
3143,752,0.14312692,changed
3144,1912,0.15103984,changed
3145,2381,0.112108,changed
3146,909,0.12573853,changed
3147,2046,0.12598917,changed
3148,1650,0.12399703,changed
3149,951,0.14727971,changed
3150,1803,0.1340983,changed
3151,2346,0.17286567,changed
3152,2508,0.12048273,changed
3153,1630,0.13520989,changed
3154,1496,0.14087221,changed
3155,1111,0.12620965,changed
3156,2413,0.14775349,changed
3157,2527,0.12631992,changed
3158,806,0.12459106,changed
3159,3521,0.14267632,changed
3160,801,0.123560786,changed
3161,1935,0.14719516,changed
3162,3859,0.13070008,changed
3163,2683,0.12663831,changed
3164,3575,0.127002,changed
3165,3793,0.12755121,changed
3166,1588,0.12984022,changed
3167,2310,0.22951753,changed
3168,421,0.15124962,changed
3169,1710,0.13784665,changed
3170,1824,0.14193863,changed
3171,2175,0.1264057,changed
3172,910,0.13394314,changed
3173,3037,0.13595165,changed
3174,23,0.2231319,changed
3175,1389,0.13007197,changed
3176,257,0.13171066,changed
3177,3355,0.121662185,changed
3178,3047,0.124310106,changed
3179,749,0.14683259,changed
3180,685,0.14472975,changed
3181,2715,0.12748739,changed
3182,430,0.1483027,changed
3183,1322,0.20905197,changed
3184,2724,0.14066364,changed
3185,3993,0.113767624,changed
3186,1200,0.116088346,changed
3187,2295,0.113783434,changed
3188,2811,0.13212107,changed
3189,121,0.18724702,changed
3190,3094,0.13128501,changed
3191,2240,0.12603329,changed
3192,1693,0.120813265,changed
3193,828,0.13792592,changed
3194,1507,0.11337652,changed
3195,2914,0.12600775,changed
3196,2501,0.113539144,changed
3197,3016,0.13513592,changed
3198,129,0.13956559,changed
3199,3407,0.14954367,changed
3200,2541,0.1338899,changed
3201,734,0.13844007,changed
3202,3902,0.12519388,changed
3203,708,0.111571305,changed
3204,1623,0.13012367,changed
3205,2862,0.13093023,changed
3206,2019,0.1483975,changed
3207,2181,0.13387464,changed
3208,4,0.13121796,changed
3209,400,0.14914754,changed
3210,1579,0.121903166,changed
3211,869,0.13396634,changed
3212,2119,0.13588533,changed
3213,325,0.14199954,changed
3214,3025,0.12029308,changed
3215,3559,0.13153127,changed
3216,1731,0.1174947,changed
3217,2005,0.13727382,changed
3218,2367,0.15602139,changed
3219,1194,0.1429303,changed
3220,3141,0.13779032,changed
3221,2314,0.34630615,changed
3222,1147,0.12823376,changed
3223,1548,0.17010725,changed
3224,1562,0.13970175,changed
3225,1182,0.11668128,changed
3226,2161,0.12988997,changed
3227,557,0.13809463,changed
3228,3352,0.13983934,changed
3229,730,0.1400392,changed
3230,307,0.13865907,changed
3231,1707,0.109638095,changed
3232,2905,0.15147528,changed
3233,2712,0.12476123,changed
3234,304,0.12422955,changed
3235,2283,0.122548774,changed
3236,2308,0.12757021,changed
3237,3186,0.11528751,changed
3238,158,0.13345146,changed
3239,3402,0.14382282,changed
3240,545,0.12791565,changed
3241,1442,0.14428653,changed
3242,2184,0.19393724,changed
3243,3440,0.14487305,changed
3244,3988,0.12345086,changed
3245,1181,0.12644346,changed
3246,3158,0.111223295,changed
3247,3718,0.14635725,changed
3248,1639,0.12875837,changed
3249,3084,0.13948551,changed
3250,2569,0.11473998,changed
3251,3218,0.13412479,changed
3252,1784,0.13652061,changed
3253,3713,0.13596736,changed
3254,276,0.14975634,changed
3255,1411,0.13334209,changed
3256,557,0.14233989,changed
3257,3879,0.13979328,changed
3258,3119,0.14987916,changed
3259,3116,0.16898143,changed
3260,2724,0.19232313,changed
3261,477,0.11651179,changed
3262,505,0.13701463,changed
3263,2596,0.12673564,changed
3264,1382,0.13061851,changed
3265,152,0.13244423,changed
3266,206,0.14750741,changed
3267,2501,0.116186805,changed
3268,958,0.12837784,changed
3269,3292,0.15042183,changed
3270,1130,0.14040008,changed
3271,3822,0.11596644,changed
3272,3913,0.13572651,changed
3273,3950,0.11900739,changed
3274,2131,0.19315743,changed
3275,1595,0.12818211,changed
3276,2626,0.1305276,changed
3277,1010,0.1750992,changed
3278,1702,0.15157405,changed
3279,3452,0.14191157,changed
3280,1389,0.1333995,changed
3281,398,0.14296353,changed
3282,4087,0.11714834,changed
3283,1949,0.17681345,changed
3284,1949,0.12952422,changed
3285,823,0.14930387,changed
3286,3678,0.11926134,changed
3287,2191,0.13379838,changed
3288,1464,0.28111613,changed
3289,2243,0.13128601,changed
3290,2075,0.13310248,changed
3291,3770,0.17478871,changed
3292,713,0.11856514,changed
3293,3948,0.12174066,changed
3294,3793,0.11828799,changed
3295,3951,0.115226716,changed
3296,720,0.1249232,changed
3297,3654,0.22950017,changed
3298,603,0.14391893,changed
3299,3700,0.13010556,changed
3300,1678,0.16086164,changed
3301,1007,0.14092186,changed
3302,237,0.12627043,changed
3303,1548,0.15888517,changed
3304,2739,0.12817183,changed
3305,3186,0.13253835,changed
3306,283,0.13418716,changed
3307,739,0.33983764,changed
3308,1898,0.12850162,changed
3309,784,0.17064983,changed
3310,2717,0.118073516,changed
3311,1505,0.13366269,changed
3312,2022,0.13045773,changed
3313,2885,0.11962657,changed
3314,3351,0.12241552,changed
3315,1737,0.13478507,changed
3316,3006,0.13112436,changed
3317,879,0.1386988,changed
3318,2831,0.12883273,changed
3319,473,0.13285102,changed
3320,1365,0.12851661,changed
3321,83,0.11977969,changed
3322,3935,0.16024026,changed
3323,4010,0.19023347,changed
3324,3700,0.11628569,changed
3325,2120,0.1297698,changed
3326,3054,0.111716665,changed
3327,3220,0.14659056,changed
3328,3334,0.14141324,changed
3329,498,0.118539765,changed
3330,2145,0.1097357,changed
3331,1618,0.1613372,changed
3332,2061,0.24707004,changed
3333,2910,0.16802126,changed
3334,782,0.1866552,changed
3335,2853,0.20963153,changed
3336,3432,0.12564963,changed
3337,1613,0.10673475,changed
3338,2450,0.14879121,changed
3339,741,0.1451669,changed
3340,2453,0.1413056,changed
3341,3710,0.13855453,changed
3342,3267,0.12218051,changed
3343,3043,0.11502196,changed
3344,2700,0.13360943,changed
3345,2432,0.12787844,changed
3346,3465,0.13100703,changed
3347,2760,0.1113144,changed
3348,3081,0.1270006,changed
3349,2899,0.1124837,changed
3350,1674,0.1221441,changed
3351,1330,0.13510446,changed
3352,3549,0.19150063,changed
3353,3135,0.12469722,changed
3354,1604,0.111827314,changed
3355,699,0.13288893,changed
3356,368,0.13588317,changed
3357,2068,0.13426845,changed
3358,474,0.14277518,changed
3359,2112,0.13840577,changed
3360,3169,0.13115034,changed
3361,2939,0.14790216,changed
3362,1064,0.12737304,changed
3363,320,0.32034016,changed
3364,1499,0.12624234,changed
3365,2328,0.11615513,changed
3366,491,0.13050756,changed
3367,3872,0.11741349,changed
3368,2133,0.12056023,changed
3369,843,0.15450859,changed
3370,1682,0.12836477,changed
3371,23,0.14698876,changed
3372,2302,0.123068795,changed
3373,2241,0.14126675,changed
3374,1570,0.12607965,changed
3375,3829,0.13313082,changed
3376,1082,0.13550788,changed
3377,1359,0.16062646,changed
3378,2314,0.12481266,changed
3379,1146,0.11047073,changed
3380,2642,0.14428252,changed
3381,1618,0.25852126,changed
3382,479,0.16769451,changed
3383,2184,0.49661583,changed
3384,2431,0.12544906,changed
3385,1732,0.13537094,changed
3386,3241,0.13251202,changed
3387,2384,0.123918995,changed
3388,2414,0.13680574,changed
3389,777,0.12760867,changed
3390,2036,0.12282203,changed
3391,1603,0.13625169,changed
3392,3365,0.15000893,changed
3393,3553,0.13326548,changed
3394,2181,0.12585,changed
3395,3958,0.13497984,changed
3396,937,0.15395154,changed
3397,3582,0.12844259,changed
3398,3604,0.12654585,changed
3399,3472,0.15697125,changed
3400,899,0.15446523,changed
3401,2653,0.1314397,changed
3402,1922,0.14125267,changed
3403,2038,0.12231559,changed
3404,2465,0.14811589,changed
3405,3490,0.1418626,changed
3406,2439,0.12552005,changed
3407,1804,0.124184474,changed
3408,2060,0.14684698,changed
3409,1395,0.14598401,changed
3410,3386,0.12456639,changed
3411,833,0.13853052,changed
3412,254,0.1588184,changed
3413,2154,0.13351779,changed
3414,958,0.12427851,changed
3415,2902,0.14424269,changed
3416,1907,0.1442921,changed
3417,3142,0.119668156,changed
3418,753,0.13622665,changed
3419,3503,0.12253635,changed
3420,85,0.11562815,changed
3421,3692,0.14476788,changed
3422,161,0.12983698,changed
3423,1145,0.14774112,changed
3424,1982,0.11994875,changed
3425,2646,0.13660774,changed
3426,962,0.12887716,changed
3427,223,0.1258959,changed
3428,1259,0.11463876,changed
3429,823,0.13937551,changed
3430,3391,0.13285694,changed
3431,102,0.12255726,changed
3432,1778,0.13849205,changed
3433,1187,0.13111381,changed
3434,2430,0.1362539,changed
3435,137,0.12722543,changed
3436,3214,0.17551415,changed
3437,1860,0.1357906,changed
3438,1760,0.13841864,changed
3439,2096,0.19031961,changed
3440,12,0.14815101,changed
3441,1696,0.1644482,changed
3442,2032,0.13008502,changed
3443,506,0.12974751,changed
3444,2672,0.12744293,changed
3445,1815,0.15973544,changed
3446,368,0.122559816,changed
3447,3684,0.13383445,changed
3448,123,0.13446152,changed
3449,3284,0.13345571,changed
3450,1763,0.138009,changed
3451,2020,0.12165421,changed
3452,3083,0.1314895,changed
3453,1786,0.11356479,changed
3454,753,0.18712597,changed
3455,988,0.12504849,changed
3456,2960,0.12275743,changed
3457,3383,0.1391332,changed
3458,269,0.13118964,changed
3459,3672,0.13918096,changed
3460,3755,0.13565764,changed
3461,2442,0.12720539,changed
3462,3171,0.14201039,changed
3463,4010,0.13503522,changed
3464,3898,0.12550245,changed
3465,956,0.13442299,changed
3466,3588,0.1266332,changed
3467,4075,0.11760632,changed
3468,3367,0.28927597,changed
3469,3659,0.124174185,changed
3470,981,0.1264259,changed
3471,342,0.1769537,changed
3472,534,0.2801245,changed
3473,2516,0.13408202,changed
3474,123,0.12335637,changed
3475,2225,0.13112861,changed
3476,795,0.12438228,changed
3477,1043,0.12127414,changed
3478,1946,0.11718098,changed
3479,3421,0.11476382,changed
3480,3064,0.14614338,changed
3481,3784,0.12722659,changed
3482,3465,0.11759265,changed
3483,3387,0.12027252,changed
3484,3924,0.3349085,changed
3485,2997,0.13615282,changed
3486,1402,0.14223577,changed
3487,1603,0.12987018,changed
3488,753,0.12395223,changed
3489,961,0.14050505,changed
3490,1984,0.13700259,changed
3491,3602,0.168419,changed
3492,565,0.14714782,changed
3493,1800,0.12820198,changed
3494,741,0.14166753,changed
3495,2172,0.13548377,changed
3496,913,0.14609149,changed
3497,1499,0.13781735,changed
3498,2926,0.12645061,changed
3499,2126,0.12882063,changed
3500,758,0.13959342,changed
3501,2273,0.1279116,changed
3502,3515,0.12203708,changed
3503,3881,0.11962287,changed
3504,3952,0.13161153,changed
3505,3187,0.4157582,changed
3506,932,0.1423221,changed
3507,3213,0.1298052,changed
3508,1324,0.12691878,changed
3509,224,0.13607362,changed
3510,320,0.14942214,changed
3511,3392,0.12546651,changed
3512,3535,0.12681869,changed
3513,609,0.12812471,changed
3514,1529,0.14881441,changed
3515,4082,0.12872253,changed
3516,2279,0.14798284,changed
3517,4023,0.14309414,changed
3518,2684,0.13881803,changed
3519,94,0.1264356,changed
3520,3331,0.14963686,changed
3521,3044,0.14200222,changed
3522,3375,0.123483405,changed
3523,918,0.24967065,changed
3524,121,0.11651081,changed
3525,3780,0.11771511,changed
3526,853,0.13781473,changed
3527,1421,0.15263921,changed
3528,2930,0.14433663,changed
3529,2365,0.14181583,changed
3530,3984,0.11757855,changed
3531,1490,0.14476573,changed
3532,828,0.13863829,changed
3533,2126,0.12762561,changed
3534,1416,0.13292405,changed
3535,1657,0.14952102,changed
3536,1846,0.12094875,changed
3537,658,0.11704687,changed
3538,1395,0.13406381,changed
3539,2490,0.1334966,changed
3540,1427,0.19788504,changed
3541,3801,0.13054124,changed
3542,3219,0.22187695,changed
3543,2261,0.20663777,changed
3544,2469,0.119893625,changed
3545,3243,0.12058394,changed
3546,128,0.16653472,changed
3547,3970,0.13006681,changed
3548,81,0.14794901,changed
3549,2222,0.14438364,changed
3550,2351,0.1248271,changed
3551,1388,0.24156043,changed
3552,3864,0.12872685,changed
3553,581,0.13225265,changed
3554,1464,0.19046053,changed
3555,837,0.12115276,changed
3556,741,0.15593174,changed
3557,2651,0.12091339,changed
3558,1422,0.12372342,changed
3559,1895,0.20211065,changed
3560,2308,0.12000217,changed
3561,154,0.1281092,changed
3562,2426,0.16406229,changed
3563,3304,0.12695388,changed
3564,1687,0.14473414,changed
3565,1114,0.12089302,changed
3566,2754,0.13199946,changed
3567,889,0.14428888,changed
3568,2255,0.14186099,changed
3569,1027,0.13431777,changed
3570,971,0.115345515,changed
3571,1355,0.13422537,changed
3572,2711,0.12993346,changed
3573,70,0.1240789,changed
3574,1574,0.108236305,changed
3575,1445,0.11388289,changed
3576,3675,0.12335816,changed
3577,3666,0.12169463,changed
3578,3109,0.12514177,changed
3579,94,0.16328396,changed
3580,3118,0.1452289,changed
3581,3218,0.12902042,changed
3582,3942,0.1368912,changed
3583,3649,0.15700367,changed
3584,73,0.13887459,changed
3585,397,0.12961453,changed
3586,3477,0.12951368,changed
3587,577,0.11752652,changed
3588,888,0.19025151,changed
3589,1532,0.13645962,changed
3590,2645,0.21355979,changed
3591,189,0.123448655,changed
3592,310,0.120167375,changed
3593,3605,0.13444291,changed
3594,3913,0.119767636,changed
3595,3116,0.15101199,changed
3596,1518,0.12175293,changed
3597,1337,0.1493671,changed
3598,679,0.13086203,changed
3599,1407,0.13537526,changed
3600,793,0.15368347,changed
3601,1210,0.1206885,changed
3602,2145,0.12530449,changed
3603,528,0.13752382,changed
3604,1554,0.13455646,changed
3605,3340,0.13617317,changed
3606,2774,0.12887916,changed
3607,2008,0.13325681,changed
3608,247,0.11931801,changed
3609,3280,0.14308612,changed
3610,2054,0.12413409,changed
3611,1734,0.123164915,changed
3612,945,0.14394689,changed
3613,1916,0.13871492,changed
3614,3941,0.14738515,changed
3615,661,0.2528544,changed
3616,1756,0.13435572,changed
3617,563,0.12605894,changed
3618,1430,0.14098173,changed
3619,1843,0.12311964,changed
3620,2809,0.13838258,changed
3621,3445,0.14043371,changed
3622,1229,0.12317646,changed
3623,1210,0.12367089,changed
3624,3352,0.21146998,changed
3625,874,0.14243358,changed
3626,530,0.13245472,changed
3627,623,0.14234443,changed
3628,2717,0.122935474,changed
3629,1268,0.13151705,changed
3630,166,0.12506199,changed
3631,3645,0.17174537,changed
3632,2241,0.13325697,changed
3633,3357,0.15307105,changed
3634,3652,0.14754042,changed
3635,3753,0.1176227,changed
3636,2155,0.12040356,changed
3637,4025,0.1427624,changed
3638,874,0.12756638,changed
3639,1738,0.13213016,changed
3640,668,0.13127398,changed
3641,823,0.12390074,changed
3642,1155,0.13623068,changed
3643,2392,0.14192544,changed
3644,2419,0.12994069,changed
3645,1241,0.14447713,changed
3646,1506,0.16654891,changed
3647,1212,0.17597526,changed
3648,547,0.14452061,changed
3649,2585,0.13219693,changed
3650,3361,0.12057968,changed
3651,3871,0.13977376,changed
3652,3089,0.13279119,changed
3653,3494,0.13001594,changed
3654,604,0.11151074,changed
3655,3262,0.20176786,changed
3656,2379,0.12117007,changed
3657,2110,0.14770384,changed
3658,2627,0.122306034,changed
3659,921,0.11887785,changed
3660,2221,0.13932458,changed
3661,3718,0.13373348,changed
3662,3268,0.12683617,changed
3663,960,0.14901511,changed
3664,3986,0.12006336,changed
3665,2624,0.120142184,changed
3666,2785,0.12733012,changed
3667,2851,0.18544298,changed
3668,1884,0.114577696,changed
3669,2488,0.123410374,changed
3670,3208,0.13564083,changed
3671,3907,0.13678265,changed
3672,459,0.13193801,changed
3673,3793,0.1299529,changed
3674,342,0.13548908,changed
3675,3743,0.1240917,changed
3676,2255,0.24115932,changed
3677,751,0.15265377,changed
3678,1638,0.12647527,changed
3679,2916,0.14011006,changed
3680,134,0.16502164,changed
3681,2812,0.14064267,changed
3682,1345,0.117742606,changed
3683,3834,0.16302577,changed
3684,3672,0.12913555,changed
3685,3480,0.13830756,changed
3686,19,0.13664845,changed
3687,1919,0.124985546,changed
3688,4019,0.12337898,changed
3689,864,0.123912625,changed
3690,276,0.13067836,changed
3691,4081,0.12548861,changed
3692,887,0.12183043,changed
3693,451,0.117281616,changed
3694,1419,0.1383274,changed
3695,2816,0.14716472,changed
3696,3598,0.127643,changed
3697,731,0.12655689,changed
3698,2378,0.12836574,changed
3699,2134,0.11652745,changed
3700,438,0.15631945,changed
3701,1515,0.12458983,changed
3702,344,0.15525274,changed
3703,3289,0.13730237,changed
3704,1501,0.16380286,changed
3705,2465,0.15178116,changed
3706,2632,0.12114261,changed
3707,3205,0.112760946,changed
3708,2579,0.21933803,changed
3709,3240,0.12412387,changed
3710,1501,0.1730834,changed
3711,213,0.120220646,changed
3712,90,0.12757128,changed
3713,2334,0.12933196,changed
3714,4084,0.13072169,changed
3715,1053,0.12876356,changed
3716,648,0.1406792,changed
3717,49,0.12187378,changed
3718,442,0.13297999,changed
3719,3210,0.19872096,changed
3720,1885,0.12899959,changed
3721,448,0.13071087,changed
3722,4014,0.15053417,changed
3723,3234,0.12839243,changed
3724,2964,0.1180697,changed
3725,809,0.12711224,changed
3726,1379,0.13810371,changed
3727,999,0.12608,changed
3728,145,0.13422477,changed
3729,3571,0.46063083,changed
3730,1464,0.1278612,changed
3731,1217,0.12662436,changed
3732,2131,0.13397911,changed
3733,777,0.1379354,changed
3734,2089,0.122981176,changed
3735,782,0.3501655,changed
3736,667,0.12979323,changed
3737,322,0.15025827,changed
3738,1387,0.13320108,changed
3739,1283,0.13275072,changed
3740,986,0.11807902,changed
3741,2561,0.12667525,changed
3742,1486,0.12409157,changed
3743,3698,0.15397996,changed
3744,1972,0.13112703,changed
3745,153,0.14813128,changed
3746,1457,0.11627856,changed
3747,2389,0.13817516,changed
3748,1958,0.13133377,changed
3749,2307,0.14101246,changed
3750,2463,0.12569605,changed
3751,1982,0.14863059,changed
3752,2004,0.123119675,changed
3753,2844,0.11473292,changed
3754,3416,0.12880209,changed
3755,1439,0.13658576,changed
3756,990,0.13695467,changed
3757,2021,0.12861304,changed
3758,3326,0.13473812,changed
3759,3466,0.13599885,changed
3760,2080,0.11738218,changed
3761,699,0.12676634,changed
3762,3143,0.17065904,changed
3763,1822,0.12331952,changed
3764,3327,0.12647876,changed
3765,3428,0.13268709,changed
3766,2626,0.12383425,changed
3767,3235,0.13802293,changed
3768,101,0.12637714,changed
3769,3010,0.14352673,changed
3770,1655,0.12433669,changed
3771,1082,0.11815113,changed
3772,3578,0.1275594,changed
3773,276,0.13483636,changed
3774,721,0.11978276,changed
3775,3491,0.11402224,changed
3776,1581,0.14093827,changed
3777,2747,0.17031293,changed
3778,1240,0.14516427,changed
3779,1919,0.13616896,changed
3780,192,0.15279129,changed
3781,2557,0.12727934,changed
3782,266,0.1273452,changed
3783,1859,0.16393346,changed
3784,2310,0.28889206,changed
3785,3264,0.11820751,changed
3786,1778,0.13046063,changed
3787,2203,0.11210959,changed
3788,2234,0.1263193,changed
3789,2657,0.115575045,changed
3790,3982,0.14243759,changed
3791,958,0.12674809,changed
3792,497,0.1385947,changed
3793,2761,0.15268555,changed
3794,301,0.1286185,changed
3795,2056,0.111022756,changed
3796,1680,0.11769327,changed
3797,3733,0.14369565,changed
3798,871,0.17145354,changed
3799,1732,0.157402,changed
3800,4054,0.13650648,changed
3801,1615,0.13694619,changed
3802,514,0.12677848,changed
3803,7,0.126555,changed
3804,318,0.10988067,changed
3805,125,0.11375928,changed
3806,1841,0.13882366,changed
3807,3904,0.12516494,changed
3808,2773,0.12834214,changed
3809,3970,0.13096865,changed
3810,1716,0.1988302,changed
3811,3523,0.12803714,changed
3812,2506,0.13970035,changed
3813,658,0.14024289,changed
3814,2819,0.14694111,changed
3815,3753,0.13292302,changed
3816,4026,0.10824622,changed
3817,3353,0.12996964,changed
3818,2838,0.12000957,changed
3819,1090,0.13413432,changed
3820,3510,0.1230174,changed
3821,3239,0.14029631,changed
3822,2166,0.12250021,changed
3823,2107,0.13101594,changed
3824,1173,0.14484906,changed
3825,3300,0.121031985,changed
3826,1469,0.13217528,changed
3827,55,0.13690107,changed
3828,2414,0.15086527,changed
3829,1733,0.12516095,changed
3830,2546,0.13933286,changed
3831,4009,0.13155705,changed
3832,2273,0.1396765,changed
3833,2688,0.13858461,changed
3834,2108,0.12690449,changed
3835,3944,0.13059801,changed
3836,3868,0.13111101,changed
3837,703,0.15210558,changed
3838,1086,0.13780391,changed
3839,947,0.15087944,changed
3840,2064,0.11923529,changed
3841,3632,0.14347777,changed
3842,1300,0.13048157,changed
3843,1639,0.14846793,changed
3844,2791,0.13077936,changed
3845,3461,0.23646092,changed
3846,1892,0.12261045,changed
3847,508,0.13108021,changed
3848,4,0.1453462,changed
3849,1246,0.12347715,changed
3850,898,0.14398901,changed
3851,3116,0.16669229,changed
3852,3579,0.15990591,changed
3853,59,0.1221436,changed
3854,2330,0.13161941,changed
3855,1619,0.12915456,changed
3856,100,0.13410409,changed
3857,1710,0.12714346,changed
3858,4030,0.11911701,changed
3859,3060,0.14589275,changed
3860,724,0.12300722,changed
3861,2765,0.14161137,changed
3862,772,0.13344167,changed
3863,3488,0.166152,changed
3864,2622,0.1925632,changed
3865,1505,0.11775703,changed
3866,1706,0.15130821,changed
3867,530,0.14141837,changed
3868,1924,0.12694766,changed
3869,3253,0.21428698,changed
3870,376,0.14169101,changed
3871,2363,0.13094041,changed
3872,2553,0.13163692,changed
3873,2161,0.13303897,changed
3874,4068,0.12756619,changed
3875,1288,0.13251248,changed
3876,1566,0.11928848,changed
3877,279,0.11988889,changed
3878,3551,0.1183231,changed
3879,3678,0.12206605,changed
3880,3905,0.14227441,changed
3881,895,0.12402068,changed
3882,3936,0.13795781,changed
3883,3171,0.12012595,changed
3884,2954,0.13308538,changed
3885,3982,0.13129517,changed
3886,1300,0.14060871,changed
3887,3905,0.13096881,changed
3888,1996,0.36332723,changed
3889,2184,0.71999925,shifted
3890,2579,0.18641092,changed
3891,1653,0.13008738,changed
3892,3244,0.14904517,changed
3893,281,0.12086112,changed
3894,3217,0.13248122,changed
3895,3999,0.14792565,changed
3896,918,0.14475667,changed
3897,3277,0.13540812,changed
3898,3815,0.12076369,changed
3899,1204,0.12735587,changed
3900,899,0.122880735,changed
3901,1499,0.22251113,changed
3902,1989,0.14178006,changed
3903,3454,0.136033,changed
3904,2691,0.15308565,changed
3905,759,0.12413056,changed
3906,1522,0.121171735,changed
3907,1082,0.1430127,changed
3908,763,0.1334298,changed
3909,4057,0.13663277,changed
3910,23,0.17508173,changed
3911,124,0.16062163,changed
3912,1666,0.12667997,changed
3913,783,0.14665255,changed
3914,2729,0.14220127,changed
3915,3201,0.16451311,changed
3916,956,0.13910846,changed
3917,1034,0.13211751,changed
3918,1500,0.11629432,changed
3919,2608,0.12987539,changed
3920,3982,0.14680512,changed
3921,3396,0.2883226,changed
3922,1324,0.12000778,changed
3923,3019,0.16568428,changed
3924,2774,0.13235617,changed
3925,3748,0.12124522,changed
3926,737,0.12728259,changed
3927,94,0.12550095,changed
3928,2525,0.12752695,changed
3929,2185,0.1218327,changed
3930,1197,0.11705743,changed
3931,2131,0.3741349,changed
3932,2519,0.117744744,changed
3933,1699,0.14465739,changed
3934,3468,0.12860845,changed
3935,1422,0.12130671,changed
3936,77,0.12160865,changed
3937,160,0.12879321,changed
3938,805,0.14989352,changed
3939,1957,0.1309093,changed
3940,3953,0.1453705,changed
3941,3270,0.12814277,changed
3942,3018,0.13667735,changed
3943,2058,0.27140802,changed
3944,2095,0.12835215,changed
3945,111,0.13187556,changed
3946,2458,0.114423186,changed
3947,3448,0.13498619,changed
3948,950,0.15600744,changed
3949,688,0.13675636,changed
3950,2820,0.13640258,changed
3951,2048,0.1226085,changed
3952,158,0.13811861,changed
3953,3310,0.12225349,changed
3954,4017,0.13139239,changed
3955,2011,0.1301896,changed
3956,890,0.12525907,changed
3957,484,0.13967437,changed
3958,1967,0.13573006,changed
3959,436,0.2802478,changed
3960,1804,0.16468485,changed
3961,1689,0.14541127,changed
3962,1746,0.13659798,changed
3963,2807,0.13992645,changed
3964,3834,0.25156474,changed
3965,2232,0.14630124,changed
3966,2410,0.12880251,changed
3967,1417,0.13596101,changed
3968,1567,0.1452503,changed
3969,2643,0.141263,changed
3970,3236,0.35202277,changed
3971,781,0.1227971,changed
3972,971,0.16359326,changed
3973,2893,0.12598589,changed
3974,242,0.13059644,changed
3975,174,0.14062214,changed
3976,1852,0.12796244,changed
3977,2284,0.14405659,changed
3978,1341,0.3014218,changed
3979,340,0.11553546,changed
3980,2013,0.124506995,changed
3981,3887,0.13971572,changed
3982,1520,0.11810403,changed
3983,727,0.12949485,changed
3984,1541,0.12688449,changed
3985,2500,0.124917604,changed
3986,1179,0.13376492,changed
3987,461,0.15504918,changed
3988,3998,0.14991535,changed
3989,1035,0.11892364,changed
3990,1402,0.13553284,changed
3991,3048,0.15048653,changed
3992,3360,0.11226064,changed
3993,422,0.12801328,changed
3994,994,0.13704726,changed
3995,2846,0.12595078,changed
3996,3358,0.1296655,changed
3997,1070,0.12507193,changed
3998,1523,0.1319446,changed
3999,2600,0.12616129,changed
4000,3247,0.1361153,changed
4001,1729,0.1351851,changed
4002,3108,0.11506579,changed
4003,3857,0.14174244,changed
4004,1229,0.11074285,changed
4005,780,0.12939174,changed
4006,3140,0.128803,changed
4007,793,0.120161876,changed
4008,3603,0.15571436,changed
4009,2361,0.15561417,changed
4010,1108,0.29515123,changed
4011,2131,0.36645174,changed
4012,2099,0.1492826,changed
4013,1663,0.1342167,changed
4014,145,0.13993506,changed
4015,1991,0.13813305,changed
4016,1464,0.1656502,changed
4017,2336,0.15375173,changed
4018,2560,0.15049064,changed
4019,1020,0.12848723,changed
4020,2495,0.15050465,changed
4021,1348,0.1338332,changed
4022,2268,0.13647345,changed
4023,3136,0.11525857,changed
4024,2095,0.113585636,changed
4025,2131,0.13680013,changed
4026,382,0.13513547,changed
4027,714,0.12146968,changed
4028,753,0.1497317,changed
4029,2501,0.1370273,changed
4030,307,0.12533921,changed
4031,3189,0.15630408,changed
4032,3042,0.13058843,changed
4033,3629,0.13487272,changed
4034,3648,0.12518542,changed
4035,782,0.12957175,changed
4036,2198,0.12439361,changed
4037,2268,0.1174817,changed
4038,3924,0.32213548,changed
4039,656,0.13655058,changed
4040,3620,0.16137457,changed
4041,1308,0.13254254,changed
4042,367,0.12286082,changed
4043,1647,0.13267544,changed
4044,1587,0.12861681,changed
4045,714,0.13204637,changed
4046,568,0.11642128,changed
4047,124,0.1344789,changed
4048,3577,0.11190194,changed
4049,2615,0.12963971,changed
4050,1335,0.13194606,changed
4051,148,0.12814888,changed
4052,3768,0.12935331,changed
4053,2233,0.17374814,changed
4054,1241,0.14428541,changed
4055,3932,0.11137714,changed
4056,1228,0.12775585,changed
4057,899,0.11558252,changed
4058,1437,0.12914163,changed
4059,1011,0.13980368,changed
4060,3682,0.1298056,changed
4061,2365,0.1303544,changed
4062,3839,0.13029906,changed
4063,2474,0.15357226,changed
4064,1320,0.12549105,changed
4065,1097,0.13073231,changed
4066,816,0.14572662,changed
4067,2162,0.12958668,changed
4068,1585,0.14582863,changed
4069,1767,0.12963682,changed
4070,3055,0.3015676,changed
4071,1191,0.11510225,changed
4072,3873,0.12851323,changed
4073,3433,0.12505518,changed
4074,1874,0.12983038,changed
4075,3253,0.3121398,changed
4076,2207,0.13914537,changed
4077,2377,0.19826457,changed
4078,454,0.14158261,changed
4079,1189,0.14083613,changed
4080,1000,0.1316129,changed
4081,2378,0.11078362,changed
4082,1355,0.13898733,changed
4083,1985,0.11815746,changed
4084,1582,0.12916493,changed
4085,2474,0.12901571,changed
4086,1287,0.13347113,changed
4087,100,0.12235342,changed
4088,360,0.21838786,changed
4089,1458,0.14037032,changed
4090,2286,0.13158996,changed
4091,1166,0.13185541,changed
4092,534,0.13022238,changed
4093,1398,0.14191863,changed
4094,681,0.1418378,changed
4095,2625,0.11922743,changed
